index,trial_id,subject,start_sample,end_sample
0,A/a (1).csv,A,0,300
1,A/a (1).csv,A,150,450
2,A/a (1).csv,A,300,600
3,A/a (1).csv,A,450,750
4,A/a (1).csv,A,600,900
5,A/a (1).csv,A,750,1050
6,A/a (1).csv,A,900,1200
7,A/a (1).csv,A,1050,1350
8,A/a (1).csv,A,1200,1500
9,A/a (1).csv,A,1350,1650
10,A/a (1).csv,A,1500,1800
11,A/a (1).csv,A,1650,1950
12,A/a (1).csv,A,1800,2100
13,A/a (1).csv,A,1950,2250
14,A/a (1).csv,A,2100,2400
15,A/a (1).csv,A,2250,2550
16,A/a (1).csv,A,2400,2700
17,A/a (1).csv,A,2550,2850
18,A/a (1).csv,A,2700,3000
19,A/a (10).csv,A,0,300
20,A/a (10).csv,A,150,450
21,A/a (10).csv,A,300,600
22,A/a (10).csv,A,450,750
23,A/a (10).csv,A,600,900
24,A/a (10).csv,A,750,1050
25,A/a (10).csv,A,900,1200
26,A/a (10).csv,A,1050,1350
27,A/a (10).csv,A,1200,1500
28,A/a (10).csv,A,1350,1650
29,A/a (10).csv,A,1500,1800
30,A/a (10).csv,A,1650,1950
31,A/a (10).csv,A,1800,2100
32,A/a (10).csv,A,1950,2250
33,A/a (10).csv,A,2100,2400
34,A/a (10).csv,A,2250,2550
35,A/a (10).csv,A,2400,2700
36,A/a (10).csv,A,2550,2850
37,A/a (10).csv,A,2700,3000
38,A/a (12).csv,A,0,300
39,A/a (12).csv,A,150,450
40,A/a (12).csv,A,300,600
41,A/a (12).csv,A,450,750
42,A/a (12).csv,A,600,900
43,A/a (12).csv,A,750,1050
44,A/a (12).csv,A,900,1200
45,A/a (12).csv,A,1050,1350
46,A/a (12).csv,A,1200,1500
47,A/a (12).csv,A,1350,1650
48,A/a (12).csv,A,1500,1800
49,A/a (12).csv,A,1650,1950
50,A/a (12).csv,A,1800,2100
51,A/a (12).csv,A,1950,2250
52,A/a (12).csv,A,2100,2400
53,A/a (12).csv,A,2250,2550
54,A/a (12).csv,A,2400,2700
55,A/a (12).csv,A,2550,2850
56,A/a (12).csv,A,2700,3000
57,A/a (13).csv,A,0,300
58,A/a (13).csv,A,150,450
59,A/a (13).csv,A,300,600
60,A/a (13).csv,A,450,750
61,A/a (13).csv,A,600,900
62,A/a (13).csv,A,750,1050
63,A/a (13).csv,A,900,1200
64,A/a (13).csv,A,1050,1350
65,A/a (13).csv,A,1200,1500
66,A/a (13).csv,A,1350,1650
67,A/a (13).csv,A,1500,1800
68,A/a (13).csv,A,1650,1950
69,A/a (13).csv,A,1800,2100
70,A/a (13).csv,A,1950,2250
71,A/a (13).csv,A,2100,2400
72,A/a (13).csv,A,2250,2550
73,A/a (13).csv,A,2400,2700
74,A/a (13).csv,A,2550,2850
75,A/a (13).csv,A,2700,3000
76,A/a (14).csv,A,0,300
77,A/a (14).csv,A,150,450
78,A/a (14).csv,A,300,600
79,A/a (14).csv,A,450,750
80,A/a (14).csv,A,600,900
81,A/a (14).csv,A,750,1050
82,A/a (14).csv,A,900,1200
83,A/a (14).csv,A,1050,1350
84,A/a (14).csv,A,1200,1500
85,A/a (14).csv,A,1350,1650
86,A/a (14).csv,A,1500,1800
87,A/a (14).csv,A,1650,1950
88,A/a (14).csv,A,1800,2100
89,A/a (14).csv,A,1950,2250
90,A/a (14).csv,A,2100,2400
91,A/a (14).csv,A,2250,2550
92,A/a (14).csv,A,2400,2700
93,A/a (14).csv,A,2550,2850
94,A/a (14).csv,A,2700,3000
95,A/a (15).csv,A,0,300
96,A/a (15).csv,A,150,450
97,A/a (15).csv,A,300,600
98,A/a (15).csv,A,450,750
99,A/a (15).csv,A,600,900
100,A/a (15).csv,A,750,1050
101,A/a (15).csv,A,900,1200
102,A/a (15).csv,A,1050,1350
103,A/a (15).csv,A,1200,1500
104,A/a (15).csv,A,1350,1650
105,A/a (15).csv,A,1500,1800
106,A/a (15).csv,A,1650,1950
107,A/a (15).csv,A,1800,2100
108,A/a (15).csv,A,1950,2250
109,A/a (15).csv,A,2100,2400
110,A/a (15).csv,A,2250,2550
111,A/a (15).csv,A,2400,2700
112,A/a (15).csv,A,2550,2850
113,A/a (15).csv,A,2700,3000
114,A/a (16).csv,A,0,300
115,A/a (16).csv,A,150,450
116,A/a (16).csv,A,300,600
117,A/a (16).csv,A,450,750
118,A/a (16).csv,A,600,900
119,A/a (16).csv,A,750,1050
120,A/a (16).csv,A,900,1200
121,A/a (16).csv,A,1050,1350
122,A/a (16).csv,A,1200,1500
123,A/a (16).csv,A,1350,1650
124,A/a (16).csv,A,1500,1800
125,A/a (16).csv,A,1650,1950
126,A/a (16).csv,A,1800,2100
127,A/a (16).csv,A,1950,2250
128,A/a (16).csv,A,2100,2400
129,A/a (16).csv,A,2250,2550
130,A/a (16).csv,A,2400,2700
131,A/a (16).csv,A,2550,2850
132,A/a (16).csv,A,2700,3000
133,A/a (17).csv,A,0,300
134,A/a (17).csv,A,150,450
135,A/a (17).csv,A,300,600
136,A/a (17).csv,A,450,750
137,A/a (17).csv,A,600,900
138,A/a (17).csv,A,750,1050
139,A/a (17).csv,A,900,1200
140,A/a (17).csv,A,1050,1350
141,A/a (17).csv,A,1200,1500
142,A/a (17).csv,A,1350,1650
143,A/a (17).csv,A,1500,1800
144,A/a (17).csv,A,1650,1950
145,A/a (17).csv,A,1800,2100
146,A/a (17).csv,A,1950,2250
147,A/a (17).csv,A,2100,2400
148,A/a (17).csv,A,2250,2550
149,A/a (17).csv,A,2400,2700
150,A/a (17).csv,A,2550,2850
151,A/a (17).csv,A,2700,3000
152,A/a (18).csv,A,0,300
153,A/a (18).csv,A,150,450
154,A/a (18).csv,A,300,600
155,A/a (18).csv,A,450,750
156,A/a (18).csv,A,600,900
157,A/a (18).csv,A,750,1050
158,A/a (18).csv,A,900,1200
159,A/a (18).csv,A,1050,1350
160,A/a (18).csv,A,1200,1500
161,A/a (18).csv,A,1350,1650
162,A/a (18).csv,A,1500,1800
163,A/a (18).csv,A,1650,1950
164,A/a (18).csv,A,1800,2100
165,A/a (18).csv,A,1950,2250
166,A/a (18).csv,A,2100,2400
167,A/a (18).csv,A,2250,2550
168,A/a (18).csv,A,2400,2700
169,A/a (18).csv,A,2550,2850
170,A/a (18).csv,A,2700,3000
171,A/a (19).csv,A,0,300
172,A/a (19).csv,A,150,450
173,A/a (19).csv,A,300,600
174,A/a (19).csv,A,450,750
175,A/a (19).csv,A,600,900
176,A/a (19).csv,A,750,1050
177,A/a (19).csv,A,900,1200
178,A/a (19).csv,A,1050,1350
179,A/a (19).csv,A,1200,1500
180,A/a (19).csv,A,1350,1650
181,A/a (19).csv,A,1500,1800
182,A/a (19).csv,A,1650,1950
183,A/a (19).csv,A,1800,2100
184,A/a (19).csv,A,1950,2250
185,A/a (19).csv,A,2100,2400
186,A/a (19).csv,A,2250,2550
187,A/a (19).csv,A,2400,2700
188,A/a (19).csv,A,2550,2850
189,A/a (19).csv,A,2700,3000
190,A/a (2).csv,A,0,300
191,A/a (2).csv,A,150,450
192,A/a (2).csv,A,300,600
193,A/a (2).csv,A,450,750
194,A/a (2).csv,A,600,900
195,A/a (2).csv,A,750,1050
196,A/a (2).csv,A,900,1200
197,A/a (2).csv,A,1050,1350
198,A/a (2).csv,A,1200,1500
199,A/a (2).csv,A,1350,1650
200,A/a (2).csv,A,1500,1800
201,A/a (2).csv,A,1650,1950
202,A/a (2).csv,A,1800,2100
203,A/a (2).csv,A,1950,2250
204,A/a (2).csv,A,2100,2400
205,A/a (2).csv,A,2250,2550
206,A/a (2).csv,A,2400,2700
207,A/a (2).csv,A,2550,2850
208,A/a (2).csv,A,2700,3000
209,A/a (20).csv,A,0,300
210,A/a (20).csv,A,150,450
211,A/a (20).csv,A,300,600
212,A/a (20).csv,A,450,750
213,A/a (20).csv,A,600,900
214,A/a (20).csv,A,750,1050
215,A/a (20).csv,A,900,1200
216,A/a (20).csv,A,1050,1350
217,A/a (20).csv,A,1200,1500
218,A/a (20).csv,A,1350,1650
219,A/a (20).csv,A,1500,1800
220,A/a (20).csv,A,1650,1950
221,A/a (20).csv,A,1800,2100
222,A/a (20).csv,A,1950,2250
223,A/a (20).csv,A,2100,2400
224,A/a (20).csv,A,2250,2550
225,A/a (20).csv,A,2400,2700
226,A/a (20).csv,A,2550,2850
227,A/a (20).csv,A,2700,3000
228,A/a (21).csv,A,0,300
229,A/a (21).csv,A,150,450
230,A/a (21).csv,A,300,600
231,A/a (21).csv,A,450,750
232,A/a (21).csv,A,600,900
233,A/a (21).csv,A,750,1050
234,A/a (21).csv,A,900,1200
235,A/a (21).csv,A,1050,1350
236,A/a (21).csv,A,1200,1500
237,A/a (21).csv,A,1350,1650
238,A/a (21).csv,A,1500,1800
239,A/a (21).csv,A,1650,1950
240,A/a (21).csv,A,1800,2100
241,A/a (21).csv,A,1950,2250
242,A/a (21).csv,A,2100,2400
243,A/a (21).csv,A,2250,2550
244,A/a (21).csv,A,2400,2700
245,A/a (21).csv,A,2550,2850
246,A/a (21).csv,A,2700,3000
247,A/a (23).csv,A,0,300
248,A/a (23).csv,A,150,450
249,A/a (23).csv,A,300,600
250,A/a (23).csv,A,450,750
251,A/a (23).csv,A,600,900
252,A/a (23).csv,A,750,1050
253,A/a (23).csv,A,900,1200
254,A/a (23).csv,A,1050,1350
255,A/a (23).csv,A,1200,1500
256,A/a (23).csv,A,1350,1650
257,A/a (23).csv,A,1500,1800
258,A/a (23).csv,A,1650,1950
259,A/a (23).csv,A,1800,2100
260,A/a (23).csv,A,1950,2250
261,A/a (23).csv,A,2100,2400
262,A/a (23).csv,A,2250,2550
263,A/a (23).csv,A,2400,2700
264,A/a (23).csv,A,2550,2850
265,A/a (23).csv,A,2700,3000
266,A/a (24).csv,A,0,300
267,A/a (24).csv,A,150,450
268,A/a (24).csv,A,300,600
269,A/a (24).csv,A,450,750
270,A/a (24).csv,A,600,900
271,A/a (24).csv,A,750,1050
272,A/a (24).csv,A,900,1200
273,A/a (24).csv,A,1050,1350
274,A/a (24).csv,A,1200,1500
275,A/a (24).csv,A,1350,1650
276,A/a (24).csv,A,1500,1800
277,A/a (24).csv,A,1650,1950
278,A/a (24).csv,A,1800,2100
279,A/a (24).csv,A,1950,2250
280,A/a (24).csv,A,2100,2400
281,A/a (24).csv,A,2250,2550
282,A/a (24).csv,A,2400,2700
283,A/a (24).csv,A,2550,2850
284,A/a (24).csv,A,2700,3000
285,A/a (25).csv,A,0,300
286,A/a (25).csv,A,150,450
287,A/a (25).csv,A,300,600
288,A/a (25).csv,A,450,750
289,A/a (25).csv,A,600,900
290,A/a (25).csv,A,750,1050
291,A/a (25).csv,A,900,1200
292,A/a (25).csv,A,1050,1350
293,A/a (25).csv,A,1200,1500
294,A/a (25).csv,A,1350,1650
295,A/a (25).csv,A,1500,1800
296,A/a (25).csv,A,1650,1950
297,A/a (25).csv,A,1800,2100
298,A/a (25).csv,A,1950,2250
299,A/a (25).csv,A,2100,2400
300,A/a (25).csv,A,2250,2550
301,A/a (25).csv,A,2400,2700
302,A/a (25).csv,A,2550,2850
303,A/a (25).csv,A,2700,3000
304,A/a (27).csv,A,0,300
305,A/a (27).csv,A,150,450
306,A/a (27).csv,A,300,600
307,A/a (27).csv,A,450,750
308,A/a (27).csv,A,600,900
309,A/a (27).csv,A,750,1050
310,A/a (27).csv,A,900,1200
311,A/a (27).csv,A,1050,1350
312,A/a (27).csv,A,1200,1500
313,A/a (27).csv,A,1350,1650
314,A/a (27).csv,A,1500,1800
315,A/a (27).csv,A,1650,1950
316,A/a (27).csv,A,1800,2100
317,A/a (27).csv,A,1950,2250
318,A/a (27).csv,A,2100,2400
319,A/a (27).csv,A,2250,2550
320,A/a (27).csv,A,2400,2700
321,A/a (27).csv,A,2550,2850
322,A/a (27).csv,A,2700,3000
323,A/a (28).csv,A,0,300
324,A/a (28).csv,A,150,450
325,A/a (28).csv,A,300,600
326,A/a (28).csv,A,450,750
327,A/a (28).csv,A,600,900
328,A/a (28).csv,A,750,1050
329,A/a (28).csv,A,900,1200
330,A/a (28).csv,A,1050,1350
331,A/a (28).csv,A,1200,1500
332,A/a (28).csv,A,1350,1650
333,A/a (28).csv,A,1500,1800
334,A/a (28).csv,A,1650,1950
335,A/a (28).csv,A,1800,2100
336,A/a (28).csv,A,1950,2250
337,A/a (28).csv,A,2100,2400
338,A/a (28).csv,A,2250,2550
339,A/a (28).csv,A,2400,2700
340,A/a (28).csv,A,2550,2850
341,A/a (28).csv,A,2700,3000
342,A/a (29).csv,A,0,300
343,A/a (29).csv,A,150,450
344,A/a (29).csv,A,300,600
345,A/a (29).csv,A,450,750
346,A/a (29).csv,A,600,900
347,A/a (29).csv,A,750,1050
348,A/a (29).csv,A,900,1200
349,A/a (29).csv,A,1050,1350
350,A/a (29).csv,A,1200,1500
351,A/a (29).csv,A,1350,1650
352,A/a (29).csv,A,1500,1800
353,A/a (29).csv,A,1650,1950
354,A/a (29).csv,A,1800,2100
355,A/a (29).csv,A,1950,2250
356,A/a (29).csv,A,2100,2400
357,A/a (29).csv,A,2250,2550
358,A/a (29).csv,A,2400,2700
359,A/a (29).csv,A,2550,2850
360,A/a (29).csv,A,2700,3000
361,A/a (3).csv,A,0,300
362,A/a (3).csv,A,150,450
363,A/a (3).csv,A,300,600
364,A/a (3).csv,A,450,750
365,A/a (3).csv,A,600,900
366,A/a (3).csv,A,750,1050
367,A/a (3).csv,A,900,1200
368,A/a (3).csv,A,1050,1350
369,A/a (3).csv,A,1200,1500
370,A/a (3).csv,A,1350,1650
371,A/a (3).csv,A,1500,1800
372,A/a (3).csv,A,1650,1950
373,A/a (3).csv,A,1800,2100
374,A/a (3).csv,A,1950,2250
375,A/a (3).csv,A,2100,2400
376,A/a (3).csv,A,2250,2550
377,A/a (3).csv,A,2400,2700
378,A/a (3).csv,A,2550,2850
379,A/a (3).csv,A,2700,3000
380,A/a (30).csv,A,0,300
381,A/a (30).csv,A,150,450
382,A/a (30).csv,A,300,600
383,A/a (30).csv,A,450,750
384,A/a (30).csv,A,600,900
385,A/a (30).csv,A,750,1050
386,A/a (30).csv,A,900,1200
387,A/a (30).csv,A,1050,1350
388,A/a (30).csv,A,1200,1500
389,A/a (30).csv,A,1350,1650
390,A/a (30).csv,A,1500,1800
391,A/a (30).csv,A,1650,1950
392,A/a (30).csv,A,1800,2100
393,A/a (30).csv,A,1950,2250
394,A/a (30).csv,A,2100,2400
395,A/a (30).csv,A,2250,2550
396,A/a (30).csv,A,2400,2700
397,A/a (30).csv,A,2550,2850
398,A/a (30).csv,A,2700,3000
399,A/a (32).csv,A,0,300
400,A/a (32).csv,A,150,450
401,A/a (32).csv,A,300,600
402,A/a (32).csv,A,450,750
403,A/a (32).csv,A,600,900
404,A/a (32).csv,A,750,1050
405,A/a (32).csv,A,900,1200
406,A/a (32).csv,A,1050,1350
407,A/a (32).csv,A,1200,1500
408,A/a (32).csv,A,1350,1650
409,A/a (32).csv,A,1500,1800
410,A/a (32).csv,A,1650,1950
411,A/a (32).csv,A,1800,2100
412,A/a (32).csv,A,1950,2250
413,A/a (32).csv,A,2100,2400
414,A/a (32).csv,A,2250,2550
415,A/a (32).csv,A,2400,2700
416,A/a (32).csv,A,2550,2850
417,A/a (32).csv,A,2700,3000
418,A/a (34).csv,A,0,300
419,A/a (34).csv,A,150,450
420,A/a (34).csv,A,300,600
421,A/a (34).csv,A,450,750
422,A/a (34).csv,A,600,900
423,A/a (34).csv,A,750,1050
424,A/a (34).csv,A,900,1200
425,A/a (34).csv,A,1050,1350
426,A/a (34).csv,A,1200,1500
427,A/a (34).csv,A,1350,1650
428,A/a (34).csv,A,1500,1800
429,A/a (34).csv,A,1650,1950
430,A/a (34).csv,A,1800,2100
431,A/a (34).csv,A,1950,2250
432,A/a (34).csv,A,2100,2400
433,A/a (34).csv,A,2250,2550
434,A/a (34).csv,A,2400,2700
435,A/a (34).csv,A,2550,2850
436,A/a (34).csv,A,2700,3000
437,A/a (35).csv,A,0,300
438,A/a (35).csv,A,150,450
439,A/a (35).csv,A,300,600
440,A/a (35).csv,A,450,750
441,A/a (35).csv,A,600,900
442,A/a (35).csv,A,750,1050
443,A/a (35).csv,A,900,1200
444,A/a (35).csv,A,1050,1350
445,A/a (35).csv,A,1200,1500
446,A/a (35).csv,A,1350,1650
447,A/a (35).csv,A,1500,1800
448,A/a (35).csv,A,1650,1950
449,A/a (35).csv,A,1800,2100
450,A/a (35).csv,A,1950,2250
451,A/a (35).csv,A,2100,2400
452,A/a (35).csv,A,2250,2550
453,A/a (35).csv,A,2400,2700
454,A/a (35).csv,A,2550,2850
455,A/a (35).csv,A,2700,3000
456,A/a (36).csv,A,0,300
457,A/a (36).csv,A,150,450
458,A/a (36).csv,A,300,600
459,A/a (36).csv,A,450,750
460,A/a (36).csv,A,600,900
461,A/a (36).csv,A,750,1050
462,A/a (36).csv,A,900,1200
463,A/a (36).csv,A,1050,1350
464,A/a (36).csv,A,1200,1500
465,A/a (36).csv,A,1350,1650
466,A/a (36).csv,A,1500,1800
467,A/a (36).csv,A,1650,1950
468,A/a (36).csv,A,1800,2100
469,A/a (36).csv,A,1950,2250
470,A/a (36).csv,A,2100,2400
471,A/a (36).csv,A,2250,2550
472,A/a (36).csv,A,2400,2700
473,A/a (36).csv,A,2550,2850
474,A/a (36).csv,A,2700,3000
475,A/a (37).csv,A,0,300
476,A/a (37).csv,A,150,450
477,A/a (37).csv,A,300,600
478,A/a (37).csv,A,450,750
479,A/a (37).csv,A,600,900
480,A/a (37).csv,A,750,1050
481,A/a (37).csv,A,900,1200
482,A/a (37).csv,A,1050,1350
483,A/a (37).csv,A,1200,1500
484,A/a (37).csv,A,1350,1650
485,A/a (37).csv,A,1500,1800
486,A/a (37).csv,A,1650,1950
487,A/a (37).csv,A,1800,2100
488,A/a (37).csv,A,1950,2250
489,A/a (37).csv,A,2100,2400
490,A/a (37).csv,A,2250,2550
491,A/a (37).csv,A,2400,2700
492,A/a (37).csv,A,2550,2850
493,A/a (37).csv,A,2700,3000
494,A/a (38).csv,A,0,300
495,A/a (38).csv,A,150,450
496,A/a (38).csv,A,300,600
497,A/a (38).csv,A,450,750
498,A/a (38).csv,A,600,900
499,A/a (38).csv,A,750,1050
500,A/a (38).csv,A,900,1200
501,A/a (38).csv,A,1050,1350
502,A/a (38).csv,A,1200,1500
503,A/a (38).csv,A,1350,1650
504,A/a (38).csv,A,1500,1800
505,A/a (38).csv,A,1650,1950
506,A/a (38).csv,A,1800,2100
507,A/a (38).csv,A,1950,2250
508,A/a (38).csv,A,2100,2400
509,A/a (38).csv,A,2250,2550
510,A/a (38).csv,A,2400,2700
511,A/a (38).csv,A,2550,2850
512,A/a (38).csv,A,2700,3000
513,A/a (39).csv,A,0,300
514,A/a (39).csv,A,150,450
515,A/a (39).csv,A,300,600
516,A/a (39).csv,A,450,750
517,A/a (39).csv,A,600,900
518,A/a (39).csv,A,750,1050
519,A/a (39).csv,A,900,1200
520,A/a (39).csv,A,1050,1350
521,A/a (39).csv,A,1200,1500
522,A/a (39).csv,A,1350,1650
523,A/a (39).csv,A,1500,1800
524,A/a (39).csv,A,1650,1950
525,A/a (39).csv,A,1800,2100
526,A/a (39).csv,A,1950,2250
527,A/a (39).csv,A,2100,2400
528,A/a (39).csv,A,2250,2550
529,A/a (39).csv,A,2400,2700
530,A/a (39).csv,A,2550,2850
531,A/a (39).csv,A,2700,3000
532,A/a (4).csv,A,0,300
533,A/a (4).csv,A,150,450
534,A/a (4).csv,A,300,600
535,A/a (4).csv,A,450,750
536,A/a (4).csv,A,600,900
537,A/a (4).csv,A,750,1050
538,A/a (4).csv,A,900,1200
539,A/a (4).csv,A,1050,1350
540,A/a (4).csv,A,1200,1500
541,A/a (4).csv,A,1350,1650
542,A/a (4).csv,A,1500,1800
543,A/a (4).csv,A,1650,1950
544,A/a (4).csv,A,1800,2100
545,A/a (4).csv,A,1950,2250
546,A/a (4).csv,A,2100,2400
547,A/a (4).csv,A,2250,2550
548,A/a (4).csv,A,2400,2700
549,A/a (4).csv,A,2550,2850
550,A/a (4).csv,A,2700,3000
551,A/a (40).csv,A,0,300
552,A/a (40).csv,A,150,450
553,A/a (40).csv,A,300,600
554,A/a (40).csv,A,450,750
555,A/a (40).csv,A,600,900
556,A/a (40).csv,A,750,1050
557,A/a (40).csv,A,900,1200
558,A/a (40).csv,A,1050,1350
559,A/a (40).csv,A,1200,1500
560,A/a (40).csv,A,1350,1650
561,A/a (40).csv,A,1500,1800
562,A/a (40).csv,A,1650,1950
563,A/a (40).csv,A,1800,2100
564,A/a (40).csv,A,1950,2250
565,A/a (40).csv,A,2100,2400
566,A/a (40).csv,A,2250,2550
567,A/a (40).csv,A,2400,2700
568,A/a (40).csv,A,2550,2850
569,A/a (40).csv,A,2700,3000
570,A/a (41).csv,A,0,300
571,A/a (41).csv,A,150,450
572,A/a (41).csv,A,300,600
573,A/a (41).csv,A,450,750
574,A/a (41).csv,A,600,900
575,A/a (41).csv,A,750,1050
576,A/a (41).csv,A,900,1200
577,A/a (41).csv,A,1050,1350
578,A/a (41).csv,A,1200,1500
579,A/a (41).csv,A,1350,1650
580,A/a (41).csv,A,1500,1800
581,A/a (41).csv,A,1650,1950
582,A/a (41).csv,A,1800,2100
583,A/a (41).csv,A,1950,2250
584,A/a (41).csv,A,2100,2400
585,A/a (41).csv,A,2250,2550
586,A/a (41).csv,A,2400,2700
587,A/a (41).csv,A,2550,2850
588,A/a (41).csv,A,2700,3000
589,A/a (43).csv,A,0,300
590,A/a (43).csv,A,150,450
591,A/a (43).csv,A,300,600
592,A/a (43).csv,A,450,750
593,A/a (43).csv,A,600,900
594,A/a (43).csv,A,750,1050
595,A/a (43).csv,A,900,1200
596,A/a (43).csv,A,1050,1350
597,A/a (43).csv,A,1200,1500
598,A/a (43).csv,A,1350,1650
599,A/a (43).csv,A,1500,1800
600,A/a (43).csv,A,1650,1950
601,A/a (43).csv,A,1800,2100
602,A/a (43).csv,A,1950,2250
603,A/a (43).csv,A,2100,2400
604,A/a (43).csv,A,2250,2550
605,A/a (43).csv,A,2400,2700
606,A/a (43).csv,A,2550,2850
607,A/a (43).csv,A,2700,3000
608,A/a (44).csv,A,0,300
609,A/a (44).csv,A,150,450
610,A/a (44).csv,A,300,600
611,A/a (44).csv,A,450,750
612,A/a (44).csv,A,600,900
613,A/a (44).csv,A,750,1050
614,A/a (44).csv,A,900,1200
615,A/a (44).csv,A,1050,1350
616,A/a (44).csv,A,1200,1500
617,A/a (44).csv,A,1350,1650
618,A/a (44).csv,A,1500,1800
619,A/a (44).csv,A,1650,1950
620,A/a (44).csv,A,1800,2100
621,A/a (44).csv,A,1950,2250
622,A/a (44).csv,A,2100,2400
623,A/a (44).csv,A,2250,2550
624,A/a (44).csv,A,2400,2700
625,A/a (44).csv,A,2550,2850
626,A/a (44).csv,A,2700,3000
627,A/a (45).csv,A,0,300
628,A/a (45).csv,A,150,450
629,A/a (45).csv,A,300,600
630,A/a (45).csv,A,450,750
631,A/a (45).csv,A,600,900
632,A/a (45).csv,A,750,1050
633,A/a (45).csv,A,900,1200
634,A/a (45).csv,A,1050,1350
635,A/a (45).csv,A,1200,1500
636,A/a (45).csv,A,1350,1650
637,A/a (45).csv,A,1500,1800
638,A/a (45).csv,A,1650,1950
639,A/a (45).csv,A,1800,2100
640,A/a (45).csv,A,1950,2250
641,A/a (45).csv,A,2100,2400
642,A/a (45).csv,A,2250,2550
643,A/a (45).csv,A,2400,2700
644,A/a (45).csv,A,2550,2850
645,A/a (45).csv,A,2700,3000
646,A/a (46).csv,A,0,300
647,A/a (46).csv,A,150,450
648,A/a (46).csv,A,300,600
649,A/a (46).csv,A,450,750
650,A/a (46).csv,A,600,900
651,A/a (46).csv,A,750,1050
652,A/a (46).csv,A,900,1200
653,A/a (46).csv,A,1050,1350
654,A/a (46).csv,A,1200,1500
655,A/a (46).csv,A,1350,1650
656,A/a (46).csv,A,1500,1800
657,A/a (46).csv,A,1650,1950
658,A/a (46).csv,A,1800,2100
659,A/a (46).csv,A,1950,2250
660,A/a (46).csv,A,2100,2400
661,A/a (46).csv,A,2250,2550
662,A/a (46).csv,A,2400,2700
663,A/a (46).csv,A,2550,2850
664,A/a (46).csv,A,2700,3000
665,A/a (48).csv,A,0,300
666,A/a (48).csv,A,150,450
667,A/a (48).csv,A,300,600
668,A/a (48).csv,A,450,750
669,A/a (48).csv,A,600,900
670,A/a (48).csv,A,750,1050
671,A/a (48).csv,A,900,1200
672,A/a (48).csv,A,1050,1350
673,A/a (48).csv,A,1200,1500
674,A/a (48).csv,A,1350,1650
675,A/a (48).csv,A,1500,1800
676,A/a (48).csv,A,1650,1950
677,A/a (48).csv,A,1800,2100
678,A/a (48).csv,A,1950,2250
679,A/a (48).csv,A,2100,2400
680,A/a (48).csv,A,2250,2550
681,A/a (48).csv,A,2400,2700
682,A/a (48).csv,A,2550,2850
683,A/a (48).csv,A,2700,3000
684,A/a (49).csv,A,0,300
685,A/a (49).csv,A,150,450
686,A/a (49).csv,A,300,600
687,A/a (49).csv,A,450,750
688,A/a (49).csv,A,600,900
689,A/a (49).csv,A,750,1050
690,A/a (49).csv,A,900,1200
691,A/a (49).csv,A,1050,1350
692,A/a (49).csv,A,1200,1500
693,A/a (49).csv,A,1350,1650
694,A/a (49).csv,A,1500,1800
695,A/a (49).csv,A,1650,1950
696,A/a (49).csv,A,1800,2100
697,A/a (49).csv,A,1950,2250
698,A/a (49).csv,A,2100,2400
699,A/a (49).csv,A,2250,2550
700,A/a (49).csv,A,2400,2700
701,A/a (49).csv,A,2550,2850
702,A/a (49).csv,A,2700,3000
703,A/a (5).csv,A,0,300
704,A/a (5).csv,A,150,450
705,A/a (5).csv,A,300,600
706,A/a (5).csv,A,450,750
707,A/a (5).csv,A,600,900
708,A/a (5).csv,A,750,1050
709,A/a (5).csv,A,900,1200
710,A/a (5).csv,A,1050,1350
711,A/a (5).csv,A,1200,1500
712,A/a (5).csv,A,1350,1650
713,A/a (5).csv,A,1500,1800
714,A/a (5).csv,A,1650,1950
715,A/a (5).csv,A,1800,2100
716,A/a (5).csv,A,1950,2250
717,A/a (5).csv,A,2100,2400
718,A/a (5).csv,A,2250,2550
719,A/a (5).csv,A,2400,2700
720,A/a (5).csv,A,2550,2850
721,A/a (5).csv,A,2700,3000
722,A/a (50).csv,A,0,300
723,A/a (50).csv,A,150,450
724,A/a (50).csv,A,300,600
725,A/a (50).csv,A,450,750
726,A/a (50).csv,A,600,900
727,A/a (50).csv,A,750,1050
728,A/a (50).csv,A,900,1200
729,A/a (50).csv,A,1050,1350
730,A/a (50).csv,A,1200,1500
731,A/a (50).csv,A,1350,1650
732,A/a (50).csv,A,1500,1800
733,A/a (50).csv,A,1650,1950
734,A/a (50).csv,A,1800,2100
735,A/a (50).csv,A,1950,2250
736,A/a (50).csv,A,2100,2400
737,A/a (50).csv,A,2250,2550
738,A/a (50).csv,A,2400,2700
739,A/a (50).csv,A,2550,2850
740,A/a (50).csv,A,2700,3000
741,A/a (7).csv,A,0,300
742,A/a (7).csv,A,150,450
743,A/a (7).csv,A,300,600
744,A/a (7).csv,A,450,750
745,A/a (7).csv,A,600,900
746,A/a (7).csv,A,750,1050
747,A/a (7).csv,A,900,1200
748,A/a (7).csv,A,1050,1350
749,A/a (7).csv,A,1200,1500
750,A/a (7).csv,A,1350,1650
751,A/a (7).csv,A,1500,1800
752,A/a (7).csv,A,1650,1950
753,A/a (7).csv,A,1800,2100
754,A/a (7).csv,A,1950,2250
755,A/a (7).csv,A,2100,2400
756,A/a (7).csv,A,2250,2550
757,A/a (7).csv,A,2400,2700
758,A/a (7).csv,A,2550,2850
759,A/a (7).csv,A,2700,3000
760,B/b (1).csv,B,0,300
761,B/b (1).csv,B,150,450
762,B/b (1).csv,B,300,600
763,B/b (1).csv,B,450,750
764,B/b (1).csv,B,600,900
765,B/b (1).csv,B,750,1050
766,B/b (1).csv,B,900,1200
767,B/b (1).csv,B,1050,1350
768,B/b (1).csv,B,1200,1500
769,B/b (1).csv,B,1350,1650
770,B/b (1).csv,B,1500,1800
771,B/b (1).csv,B,1650,1950
772,B/b (1).csv,B,1800,2100
773,B/b (1).csv,B,1950,2250
774,B/b (1).csv,B,2100,2400
775,B/b (1).csv,B,2250,2550
776,B/b (1).csv,B,2400,2700
777,B/b (1).csv,B,2550,2850
778,B/b (1).csv,B,2700,3000
779,B/b (13).csv,B,0,300
780,B/b (13).csv,B,150,450
781,B/b (13).csv,B,300,600
782,B/b (13).csv,B,450,750
783,B/b (13).csv,B,600,900
784,B/b (13).csv,B,750,1050
785,B/b (13).csv,B,900,1200
786,B/b (13).csv,B,1050,1350
787,B/b (13).csv,B,1200,1500
788,B/b (13).csv,B,1350,1650
789,B/b (13).csv,B,1500,1800
790,B/b (13).csv,B,1650,1950
791,B/b (13).csv,B,1800,2100
792,B/b (13).csv,B,1950,2250
793,B/b (13).csv,B,2100,2400
794,B/b (13).csv,B,2250,2550
795,B/b (13).csv,B,2400,2700
796,B/b (13).csv,B,2550,2850
797,B/b (13).csv,B,2700,3000
798,B/b (14).csv,B,0,300
799,B/b (14).csv,B,150,450
800,B/b (14).csv,B,300,600
801,B/b (14).csv,B,450,750
802,B/b (14).csv,B,600,900
803,B/b (14).csv,B,750,1050
804,B/b (14).csv,B,900,1200
805,B/b (14).csv,B,1050,1350
806,B/b (14).csv,B,1200,1500
807,B/b (14).csv,B,1350,1650
808,B/b (14).csv,B,1500,1800
809,B/b (14).csv,B,1650,1950
810,B/b (14).csv,B,1800,2100
811,B/b (14).csv,B,1950,2250
812,B/b (14).csv,B,2100,2400
813,B/b (14).csv,B,2250,2550
814,B/b (14).csv,B,2400,2700
815,B/b (14).csv,B,2550,2850
816,B/b (14).csv,B,2700,3000
817,B/b (15).csv,B,0,300
818,B/b (15).csv,B,150,450
819,B/b (15).csv,B,300,600
820,B/b (15).csv,B,450,750
821,B/b (15).csv,B,600,900
822,B/b (15).csv,B,750,1050
823,B/b (15).csv,B,900,1200
824,B/b (15).csv,B,1050,1350
825,B/b (15).csv,B,1200,1500
826,B/b (15).csv,B,1350,1650
827,B/b (15).csv,B,1500,1800
828,B/b (15).csv,B,1650,1950
829,B/b (15).csv,B,1800,2100
830,B/b (15).csv,B,1950,2250
831,B/b (15).csv,B,2100,2400
832,B/b (15).csv,B,2250,2550
833,B/b (15).csv,B,2400,2700
834,B/b (15).csv,B,2550,2850
835,B/b (15).csv,B,2700,3000
836,B/b (16).csv,B,0,300
837,B/b (16).csv,B,150,450
838,B/b (16).csv,B,300,600
839,B/b (16).csv,B,450,750
840,B/b (16).csv,B,600,900
841,B/b (16).csv,B,750,1050
842,B/b (16).csv,B,900,1200
843,B/b (16).csv,B,1050,1350
844,B/b (16).csv,B,1200,1500
845,B/b (16).csv,B,1350,1650
846,B/b (16).csv,B,1500,1800
847,B/b (16).csv,B,1650,1950
848,B/b (16).csv,B,1800,2100
849,B/b (16).csv,B,1950,2250
850,B/b (16).csv,B,2100,2400
851,B/b (16).csv,B,2250,2550
852,B/b (16).csv,B,2400,2700
853,B/b (16).csv,B,2550,2850
854,B/b (16).csv,B,2700,3000
855,B/b (17).csv,B,0,300
856,B/b (17).csv,B,150,450
857,B/b (17).csv,B,300,600
858,B/b (17).csv,B,450,750
859,B/b (17).csv,B,600,900
860,B/b (17).csv,B,750,1050
861,B/b (17).csv,B,900,1200
862,B/b (17).csv,B,1050,1350
863,B/b (17).csv,B,1200,1500
864,B/b (17).csv,B,1350,1650
865,B/b (17).csv,B,1500,1800
866,B/b (17).csv,B,1650,1950
867,B/b (17).csv,B,1800,2100
868,B/b (17).csv,B,1950,2250
869,B/b (17).csv,B,2100,2400
870,B/b (17).csv,B,2250,2550
871,B/b (17).csv,B,2400,2700
872,B/b (17).csv,B,2550,2850
873,B/b (17).csv,B,2700,3000
874,B/b (18).csv,B,0,300
875,B/b (18).csv,B,150,450
876,B/b (18).csv,B,300,600
877,B/b (18).csv,B,450,750
878,B/b (18).csv,B,600,900
879,B/b (18).csv,B,750,1050
880,B/b (18).csv,B,900,1200
881,B/b (18).csv,B,1050,1350
882,B/b (18).csv,B,1200,1500
883,B/b (18).csv,B,1350,1650
884,B/b (18).csv,B,1500,1800
885,B/b (18).csv,B,1650,1950
886,B/b (18).csv,B,1800,2100
887,B/b (18).csv,B,1950,2250
888,B/b (18).csv,B,2100,2400
889,B/b (18).csv,B,2250,2550
890,B/b (18).csv,B,2400,2700
891,B/b (18).csv,B,2550,2850
892,B/b (18).csv,B,2700,3000
893,B/b (19).csv,B,0,300
894,B/b (19).csv,B,150,450
895,B/b (19).csv,B,300,600
896,B/b (19).csv,B,450,750
897,B/b (19).csv,B,600,900
898,B/b (19).csv,B,750,1050
899,B/b (19).csv,B,900,1200
900,B/b (19).csv,B,1050,1350
901,B/b (19).csv,B,1200,1500
902,B/b (19).csv,B,1350,1650
903,B/b (19).csv,B,1500,1800
904,B/b (19).csv,B,1650,1950
905,B/b (19).csv,B,1800,2100
906,B/b (19).csv,B,1950,2250
907,B/b (19).csv,B,2100,2400
908,B/b (19).csv,B,2250,2550
909,B/b (19).csv,B,2400,2700
910,B/b (19).csv,B,2550,2850
911,B/b (19).csv,B,2700,3000
912,B/b (2).csv,B,0,300
913,B/b (2).csv,B,150,450
914,B/b (2).csv,B,300,600
915,B/b (2).csv,B,450,750
916,B/b (2).csv,B,600,900
917,B/b (2).csv,B,750,1050
918,B/b (2).csv,B,900,1200
919,B/b (2).csv,B,1050,1350
920,B/b (2).csv,B,1200,1500
921,B/b (2).csv,B,1350,1650
922,B/b (2).csv,B,1500,1800
923,B/b (2).csv,B,1650,1950
924,B/b (2).csv,B,1800,2100
925,B/b (2).csv,B,1950,2250
926,B/b (2).csv,B,2100,2400
927,B/b (2).csv,B,2250,2550
928,B/b (2).csv,B,2400,2700
929,B/b (2).csv,B,2550,2850
930,B/b (2).csv,B,2700,3000
931,B/b (20).csv,B,0,300
932,B/b (20).csv,B,150,450
933,B/b (20).csv,B,300,600
934,B/b (20).csv,B,450,750
935,B/b (20).csv,B,600,900
936,B/b (20).csv,B,750,1050
937,B/b (20).csv,B,900,1200
938,B/b (20).csv,B,1050,1350
939,B/b (20).csv,B,1200,1500
940,B/b (20).csv,B,1350,1650
941,B/b (20).csv,B,1500,1800
942,B/b (20).csv,B,1650,1950
943,B/b (20).csv,B,1800,2100
944,B/b (20).csv,B,1950,2250
945,B/b (20).csv,B,2100,2400
946,B/b (20).csv,B,2250,2550
947,B/b (20).csv,B,2400,2700
948,B/b (20).csv,B,2550,2850
949,B/b (20).csv,B,2700,3000
950,B/b (21).csv,B,0,300
951,B/b (21).csv,B,150,450
952,B/b (21).csv,B,300,600
953,B/b (21).csv,B,450,750
954,B/b (21).csv,B,600,900
955,B/b (21).csv,B,750,1050
956,B/b (21).csv,B,900,1200
957,B/b (21).csv,B,1050,1350
958,B/b (21).csv,B,1200,1500
959,B/b (21).csv,B,1350,1650
960,B/b (21).csv,B,1500,1800
961,B/b (21).csv,B,1650,1950
962,B/b (21).csv,B,1800,2100
963,B/b (21).csv,B,1950,2250
964,B/b (21).csv,B,2100,2400
965,B/b (21).csv,B,2250,2550
966,B/b (21).csv,B,2400,2700
967,B/b (21).csv,B,2550,2850
968,B/b (21).csv,B,2700,3000
969,B/b (22).csv,B,0,300
970,B/b (22).csv,B,150,450
971,B/b (22).csv,B,300,600
972,B/b (22).csv,B,450,750
973,B/b (22).csv,B,600,900
974,B/b (22).csv,B,750,1050
975,B/b (22).csv,B,900,1200
976,B/b (22).csv,B,1050,1350
977,B/b (22).csv,B,1200,1500
978,B/b (22).csv,B,1350,1650
979,B/b (22).csv,B,1500,1800
980,B/b (22).csv,B,1650,1950
981,B/b (22).csv,B,1800,2100
982,B/b (22).csv,B,1950,2250
983,B/b (22).csv,B,2100,2400
984,B/b (22).csv,B,2250,2550
985,B/b (22).csv,B,2400,2700
986,B/b (22).csv,B,2550,2850
987,B/b (22).csv,B,2700,3000
988,B/b (23).csv,B,0,300
989,B/b (23).csv,B,150,450
990,B/b (23).csv,B,300,600
991,B/b (23).csv,B,450,750
992,B/b (23).csv,B,600,900
993,B/b (23).csv,B,750,1050
994,B/b (23).csv,B,900,1200
995,B/b (23).csv,B,1050,1350
996,B/b (23).csv,B,1200,1500
997,B/b (23).csv,B,1350,1650
998,B/b (23).csv,B,1500,1800
999,B/b (23).csv,B,1650,1950
1000,B/b (23).csv,B,1800,2100
1001,B/b (23).csv,B,1950,2250
1002,B/b (23).csv,B,2100,2400
1003,B/b (23).csv,B,2250,2550
1004,B/b (23).csv,B,2400,2700
1005,B/b (23).csv,B,2550,2850
1006,B/b (23).csv,B,2700,3000
1007,B/b (24).csv,B,0,300
1008,B/b (24).csv,B,150,450
1009,B/b (24).csv,B,300,600
1010,B/b (24).csv,B,450,750
1011,B/b (24).csv,B,600,900
1012,B/b (24).csv,B,750,1050
1013,B/b (24).csv,B,900,1200
1014,B/b (24).csv,B,1050,1350
1015,B/b (24).csv,B,1200,1500
1016,B/b (24).csv,B,1350,1650
1017,B/b (24).csv,B,1500,1800
1018,B/b (24).csv,B,1650,1950
1019,B/b (24).csv,B,1800,2100
1020,B/b (24).csv,B,1950,2250
1021,B/b (24).csv,B,2100,2400
1022,B/b (24).csv,B,2250,2550
1023,B/b (24).csv,B,2400,2700
1024,B/b (24).csv,B,2550,2850
1025,B/b (24).csv,B,2700,3000
1026,B/b (25).csv,B,0,300
1027,B/b (25).csv,B,150,450
1028,B/b (25).csv,B,300,600
1029,B/b (25).csv,B,450,750
1030,B/b (25).csv,B,600,900
1031,B/b (25).csv,B,750,1050
1032,B/b (25).csv,B,900,1200
1033,B/b (25).csv,B,1050,1350
1034,B/b (25).csv,B,1200,1500
1035,B/b (25).csv,B,1350,1650
1036,B/b (25).csv,B,1500,1800
1037,B/b (25).csv,B,1650,1950
1038,B/b (25).csv,B,1800,2100
1039,B/b (25).csv,B,1950,2250
1040,B/b (25).csv,B,2100,2400
1041,B/b (25).csv,B,2250,2550
1042,B/b (25).csv,B,2400,2700
1043,B/b (25).csv,B,2550,2850
1044,B/b (25).csv,B,2700,3000
1045,B/b (27).csv,B,0,300
1046,B/b (27).csv,B,150,450
1047,B/b (27).csv,B,300,600
1048,B/b (27).csv,B,450,750
1049,B/b (27).csv,B,600,900
1050,B/b (27).csv,B,750,1050
1051,B/b (27).csv,B,900,1200
1052,B/b (27).csv,B,1050,1350
1053,B/b (27).csv,B,1200,1500
1054,B/b (27).csv,B,1350,1650
1055,B/b (27).csv,B,1500,1800
1056,B/b (27).csv,B,1650,1950
1057,B/b (27).csv,B,1800,2100
1058,B/b (27).csv,B,1950,2250
1059,B/b (27).csv,B,2100,2400
1060,B/b (27).csv,B,2250,2550
1061,B/b (27).csv,B,2400,2700
1062,B/b (27).csv,B,2550,2850
1063,B/b (27).csv,B,2700,3000
1064,B/b (28).csv,B,0,300
1065,B/b (28).csv,B,150,450
1066,B/b (28).csv,B,300,600
1067,B/b (28).csv,B,450,750
1068,B/b (28).csv,B,600,900
1069,B/b (28).csv,B,750,1050
1070,B/b (28).csv,B,900,1200
1071,B/b (28).csv,B,1050,1350
1072,B/b (28).csv,B,1200,1500
1073,B/b (28).csv,B,1350,1650
1074,B/b (28).csv,B,1500,1800
1075,B/b (28).csv,B,1650,1950
1076,B/b (28).csv,B,1800,2100
1077,B/b (28).csv,B,1950,2250
1078,B/b (28).csv,B,2100,2400
1079,B/b (28).csv,B,2250,2550
1080,B/b (28).csv,B,2400,2700
1081,B/b (28).csv,B,2550,2850
1082,B/b (28).csv,B,2700,3000
1083,B/b (29).csv,B,0,300
1084,B/b (29).csv,B,150,450
1085,B/b (29).csv,B,300,600
1086,B/b (29).csv,B,450,750
1087,B/b (29).csv,B,600,900
1088,B/b (29).csv,B,750,1050
1089,B/b (29).csv,B,900,1200
1090,B/b (29).csv,B,1050,1350
1091,B/b (29).csv,B,1200,1500
1092,B/b (29).csv,B,1350,1650
1093,B/b (29).csv,B,1500,1800
1094,B/b (29).csv,B,1650,1950
1095,B/b (29).csv,B,1800,2100
1096,B/b (29).csv,B,1950,2250
1097,B/b (29).csv,B,2100,2400
1098,B/b (29).csv,B,2250,2550
1099,B/b (29).csv,B,2400,2700
1100,B/b (29).csv,B,2550,2850
1101,B/b (29).csv,B,2700,3000
1102,B/b (30).csv,B,0,300
1103,B/b (30).csv,B,150,450
1104,B/b (30).csv,B,300,600
1105,B/b (30).csv,B,450,750
1106,B/b (30).csv,B,600,900
1107,B/b (30).csv,B,750,1050
1108,B/b (30).csv,B,900,1200
1109,B/b (30).csv,B,1050,1350
1110,B/b (30).csv,B,1200,1500
1111,B/b (30).csv,B,1350,1650
1112,B/b (30).csv,B,1500,1800
1113,B/b (30).csv,B,1650,1950
1114,B/b (30).csv,B,1800,2100
1115,B/b (30).csv,B,1950,2250
1116,B/b (30).csv,B,2100,2400
1117,B/b (30).csv,B,2250,2550
1118,B/b (30).csv,B,2400,2700
1119,B/b (30).csv,B,2550,2850
1120,B/b (30).csv,B,2700,3000
1121,B/b (31).csv,B,0,300
1122,B/b (31).csv,B,150,450
1123,B/b (31).csv,B,300,600
1124,B/b (31).csv,B,450,750
1125,B/b (31).csv,B,600,900
1126,B/b (31).csv,B,750,1050
1127,B/b (31).csv,B,900,1200
1128,B/b (31).csv,B,1050,1350
1129,B/b (31).csv,B,1200,1500
1130,B/b (31).csv,B,1350,1650
1131,B/b (31).csv,B,1500,1800
1132,B/b (31).csv,B,1650,1950
1133,B/b (31).csv,B,1800,2100
1134,B/b (31).csv,B,1950,2250
1135,B/b (31).csv,B,2100,2400
1136,B/b (31).csv,B,2250,2550
1137,B/b (31).csv,B,2400,2700
1138,B/b (31).csv,B,2550,2850
1139,B/b (31).csv,B,2700,3000
1140,B/b (32).csv,B,0,300
1141,B/b (32).csv,B,150,450
1142,B/b (32).csv,B,300,600
1143,B/b (32).csv,B,450,750
1144,B/b (32).csv,B,600,900
1145,B/b (32).csv,B,750,1050
1146,B/b (32).csv,B,900,1200
1147,B/b (32).csv,B,1050,1350
1148,B/b (32).csv,B,1200,1500
1149,B/b (32).csv,B,1350,1650
1150,B/b (32).csv,B,1500,1800
1151,B/b (32).csv,B,1650,1950
1152,B/b (32).csv,B,1800,2100
1153,B/b (32).csv,B,1950,2250
1154,B/b (32).csv,B,2100,2400
1155,B/b (32).csv,B,2250,2550
1156,B/b (32).csv,B,2400,2700
1157,B/b (32).csv,B,2550,2850
1158,B/b (32).csv,B,2700,3000
1159,B/b (34).csv,B,0,300
1160,B/b (34).csv,B,150,450
1161,B/b (34).csv,B,300,600
1162,B/b (34).csv,B,450,750
1163,B/b (34).csv,B,600,900
1164,B/b (34).csv,B,750,1050
1165,B/b (34).csv,B,900,1200
1166,B/b (34).csv,B,1050,1350
1167,B/b (34).csv,B,1200,1500
1168,B/b (34).csv,B,1350,1650
1169,B/b (34).csv,B,1500,1800
1170,B/b (34).csv,B,1650,1950
1171,B/b (34).csv,B,1800,2100
1172,B/b (34).csv,B,1950,2250
1173,B/b (34).csv,B,2100,2400
1174,B/b (34).csv,B,2250,2550
1175,B/b (34).csv,B,2400,2700
1176,B/b (34).csv,B,2550,2850
1177,B/b (34).csv,B,2700,3000
1178,B/b (35).csv,B,0,300
1179,B/b (35).csv,B,150,450
1180,B/b (35).csv,B,300,600
1181,B/b (35).csv,B,450,750
1182,B/b (35).csv,B,600,900
1183,B/b (35).csv,B,750,1050
1184,B/b (35).csv,B,900,1200
1185,B/b (35).csv,B,1050,1350
1186,B/b (35).csv,B,1200,1500
1187,B/b (35).csv,B,1350,1650
1188,B/b (35).csv,B,1500,1800
1189,B/b (35).csv,B,1650,1950
1190,B/b (35).csv,B,1800,2100
1191,B/b (35).csv,B,1950,2250
1192,B/b (35).csv,B,2100,2400
1193,B/b (35).csv,B,2250,2550
1194,B/b (35).csv,B,2400,2700
1195,B/b (35).csv,B,2550,2850
1196,B/b (35).csv,B,2700,3000
1197,B/b (37).csv,B,0,300
1198,B/b (37).csv,B,150,450
1199,B/b (37).csv,B,300,600
1200,B/b (37).csv,B,450,750
1201,B/b (37).csv,B,600,900
1202,B/b (37).csv,B,750,1050
1203,B/b (37).csv,B,900,1200
1204,B/b (37).csv,B,1050,1350
1205,B/b (37).csv,B,1200,1500
1206,B/b (37).csv,B,1350,1650
1207,B/b (37).csv,B,1500,1800
1208,B/b (37).csv,B,1650,1950
1209,B/b (37).csv,B,1800,2100
1210,B/b (37).csv,B,1950,2250
1211,B/b (37).csv,B,2100,2400
1212,B/b (37).csv,B,2250,2550
1213,B/b (37).csv,B,2400,2700
1214,B/b (37).csv,B,2550,2850
1215,B/b (37).csv,B,2700,3000
1216,B/b (38).csv,B,0,300
1217,B/b (38).csv,B,150,450
1218,B/b (38).csv,B,300,600
1219,B/b (38).csv,B,450,750
1220,B/b (38).csv,B,600,900
1221,B/b (38).csv,B,750,1050
1222,B/b (38).csv,B,900,1200
1223,B/b (38).csv,B,1050,1350
1224,B/b (38).csv,B,1200,1500
1225,B/b (38).csv,B,1350,1650
1226,B/b (38).csv,B,1500,1800
1227,B/b (38).csv,B,1650,1950
1228,B/b (38).csv,B,1800,2100
1229,B/b (38).csv,B,1950,2250
1230,B/b (38).csv,B,2100,2400
1231,B/b (38).csv,B,2250,2550
1232,B/b (38).csv,B,2400,2700
1233,B/b (38).csv,B,2550,2850
1234,B/b (38).csv,B,2700,3000
1235,B/b (39).csv,B,0,300
1236,B/b (39).csv,B,150,450
1237,B/b (39).csv,B,300,600
1238,B/b (39).csv,B,450,750
1239,B/b (39).csv,B,600,900
1240,B/b (39).csv,B,750,1050
1241,B/b (39).csv,B,900,1200
1242,B/b (39).csv,B,1050,1350
1243,B/b (39).csv,B,1200,1500
1244,B/b (39).csv,B,1350,1650
1245,B/b (39).csv,B,1500,1800
1246,B/b (39).csv,B,1650,1950
1247,B/b (39).csv,B,1800,2100
1248,B/b (39).csv,B,1950,2250
1249,B/b (39).csv,B,2100,2400
1250,B/b (39).csv,B,2250,2550
1251,B/b (39).csv,B,2400,2700
1252,B/b (39).csv,B,2550,2850
1253,B/b (39).csv,B,2700,3000
1254,B/b (4).csv,B,0,300
1255,B/b (4).csv,B,150,450
1256,B/b (4).csv,B,300,600
1257,B/b (4).csv,B,450,750
1258,B/b (4).csv,B,600,900
1259,B/b (4).csv,B,750,1050
1260,B/b (4).csv,B,900,1200
1261,B/b (4).csv,B,1050,1350
1262,B/b (4).csv,B,1200,1500
1263,B/b (4).csv,B,1350,1650
1264,B/b (4).csv,B,1500,1800
1265,B/b (4).csv,B,1650,1950
1266,B/b (4).csv,B,1800,2100
1267,B/b (4).csv,B,1950,2250
1268,B/b (4).csv,B,2100,2400
1269,B/b (4).csv,B,2250,2550
1270,B/b (4).csv,B,2400,2700
1271,B/b (4).csv,B,2550,2850
1272,B/b (4).csv,B,2700,3000
1273,B/b (40).csv,B,0,300
1274,B/b (40).csv,B,150,450
1275,B/b (40).csv,B,300,600
1276,B/b (40).csv,B,450,750
1277,B/b (40).csv,B,600,900
1278,B/b (40).csv,B,750,1050
1279,B/b (40).csv,B,900,1200
1280,B/b (40).csv,B,1050,1350
1281,B/b (40).csv,B,1200,1500
1282,B/b (40).csv,B,1350,1650
1283,B/b (40).csv,B,1500,1800
1284,B/b (40).csv,B,1650,1950
1285,B/b (40).csv,B,1800,2100
1286,B/b (40).csv,B,1950,2250
1287,B/b (40).csv,B,2100,2400
1288,B/b (40).csv,B,2250,2550
1289,B/b (40).csv,B,2400,2700
1290,B/b (40).csv,B,2550,2850
1291,B/b (40).csv,B,2700,3000
1292,B/b (41).csv,B,0,300
1293,B/b (41).csv,B,150,450
1294,B/b (41).csv,B,300,600
1295,B/b (41).csv,B,450,750
1296,B/b (41).csv,B,600,900
1297,B/b (41).csv,B,750,1050
1298,B/b (41).csv,B,900,1200
1299,B/b (41).csv,B,1050,1350
1300,B/b (41).csv,B,1200,1500
1301,B/b (41).csv,B,1350,1650
1302,B/b (41).csv,B,1500,1800
1303,B/b (41).csv,B,1650,1950
1304,B/b (41).csv,B,1800,2100
1305,B/b (41).csv,B,1950,2250
1306,B/b (41).csv,B,2100,2400
1307,B/b (41).csv,B,2250,2550
1308,B/b (41).csv,B,2400,2700
1309,B/b (41).csv,B,2550,2850
1310,B/b (41).csv,B,2700,3000
1311,B/b (42).csv,B,0,300
1312,B/b (42).csv,B,150,450
1313,B/b (42).csv,B,300,600
1314,B/b (42).csv,B,450,750
1315,B/b (42).csv,B,600,900
1316,B/b (42).csv,B,750,1050
1317,B/b (42).csv,B,900,1200
1318,B/b (42).csv,B,1050,1350
1319,B/b (42).csv,B,1200,1500
1320,B/b (42).csv,B,1350,1650
1321,B/b (42).csv,B,1500,1800
1322,B/b (42).csv,B,1650,1950
1323,B/b (42).csv,B,1800,2100
1324,B/b (42).csv,B,1950,2250
1325,B/b (42).csv,B,2100,2400
1326,B/b (42).csv,B,2250,2550
1327,B/b (42).csv,B,2400,2700
1328,B/b (42).csv,B,2550,2850
1329,B/b (42).csv,B,2700,3000
1330,B/b (43).csv,B,0,300
1331,B/b (43).csv,B,150,450
1332,B/b (43).csv,B,300,600
1333,B/b (43).csv,B,450,750
1334,B/b (43).csv,B,600,900
1335,B/b (43).csv,B,750,1050
1336,B/b (43).csv,B,900,1200
1337,B/b (43).csv,B,1050,1350
1338,B/b (43).csv,B,1200,1500
1339,B/b (43).csv,B,1350,1650
1340,B/b (43).csv,B,1500,1800
1341,B/b (43).csv,B,1650,1950
1342,B/b (43).csv,B,1800,2100
1343,B/b (43).csv,B,1950,2250
1344,B/b (43).csv,B,2100,2400
1345,B/b (43).csv,B,2250,2550
1346,B/b (43).csv,B,2400,2700
1347,B/b (43).csv,B,2550,2850
1348,B/b (43).csv,B,2700,3000
1349,B/b (44).csv,B,0,300
1350,B/b (44).csv,B,150,450
1351,B/b (44).csv,B,300,600
1352,B/b (44).csv,B,450,750
1353,B/b (44).csv,B,600,900
1354,B/b (44).csv,B,750,1050
1355,B/b (44).csv,B,900,1200
1356,B/b (44).csv,B,1050,1350
1357,B/b (44).csv,B,1200,1500
1358,B/b (44).csv,B,1350,1650
1359,B/b (44).csv,B,1500,1800
1360,B/b (44).csv,B,1650,1950
1361,B/b (44).csv,B,1800,2100
1362,B/b (44).csv,B,1950,2250
1363,B/b (44).csv,B,2100,2400
1364,B/b (44).csv,B,2250,2550
1365,B/b (44).csv,B,2400,2700
1366,B/b (44).csv,B,2550,2850
1367,B/b (44).csv,B,2700,3000
1368,B/b (45).csv,B,0,300
1369,B/b (45).csv,B,150,450
1370,B/b (45).csv,B,300,600
1371,B/b (45).csv,B,450,750
1372,B/b (45).csv,B,600,900
1373,B/b (45).csv,B,750,1050
1374,B/b (45).csv,B,900,1200
1375,B/b (45).csv,B,1050,1350
1376,B/b (45).csv,B,1200,1500
1377,B/b (45).csv,B,1350,1650
1378,B/b (45).csv,B,1500,1800
1379,B/b (45).csv,B,1650,1950
1380,B/b (45).csv,B,1800,2100
1381,B/b (45).csv,B,1950,2250
1382,B/b (45).csv,B,2100,2400
1383,B/b (45).csv,B,2250,2550
1384,B/b (45).csv,B,2400,2700
1385,B/b (45).csv,B,2550,2850
1386,B/b (45).csv,B,2700,3000
1387,B/b (48).csv,B,0,300
1388,B/b (48).csv,B,150,450
1389,B/b (48).csv,B,300,600
1390,B/b (48).csv,B,450,750
1391,B/b (48).csv,B,600,900
1392,B/b (48).csv,B,750,1050
1393,B/b (48).csv,B,900,1200
1394,B/b (48).csv,B,1050,1350
1395,B/b (48).csv,B,1200,1500
1396,B/b (48).csv,B,1350,1650
1397,B/b (48).csv,B,1500,1800
1398,B/b (48).csv,B,1650,1950
1399,B/b (48).csv,B,1800,2100
1400,B/b (48).csv,B,1950,2250
1401,B/b (48).csv,B,2100,2400
1402,B/b (48).csv,B,2250,2550
1403,B/b (48).csv,B,2400,2700
1404,B/b (48).csv,B,2550,2850
1405,B/b (48).csv,B,2700,3000
1406,B/b (49).csv,B,0,300
1407,B/b (49).csv,B,150,450
1408,B/b (49).csv,B,300,600
1409,B/b (49).csv,B,450,750
1410,B/b (49).csv,B,600,900
1411,B/b (49).csv,B,750,1050
1412,B/b (49).csv,B,900,1200
1413,B/b (49).csv,B,1050,1350
1414,B/b (49).csv,B,1200,1500
1415,B/b (49).csv,B,1350,1650
1416,B/b (49).csv,B,1500,1800
1417,B/b (49).csv,B,1650,1950
1418,B/b (49).csv,B,1800,2100
1419,B/b (49).csv,B,1950,2250
1420,B/b (49).csv,B,2100,2400
1421,B/b (49).csv,B,2250,2550
1422,B/b (49).csv,B,2400,2700
1423,B/b (49).csv,B,2550,2850
1424,B/b (49).csv,B,2700,3000
1425,B/b (50).csv,B,0,300
1426,B/b (50).csv,B,150,450
1427,B/b (50).csv,B,300,600
1428,B/b (50).csv,B,450,750
1429,B/b (50).csv,B,600,900
1430,B/b (50).csv,B,750,1050
1431,B/b (50).csv,B,900,1200
1432,B/b (50).csv,B,1050,1350
1433,B/b (50).csv,B,1200,1500
1434,B/b (50).csv,B,1350,1650
1435,B/b (50).csv,B,1500,1800
1436,B/b (50).csv,B,1650,1950
1437,B/b (50).csv,B,1800,2100
1438,B/b (50).csv,B,1950,2250
1439,B/b (50).csv,B,2100,2400
1440,B/b (50).csv,B,2250,2550
1441,B/b (50).csv,B,2400,2700
1442,B/b (50).csv,B,2550,2850
1443,B/b (50).csv,B,2700,3000
1444,B/b (6).csv,B,0,300
1445,B/b (6).csv,B,150,450
1446,B/b (6).csv,B,300,600
1447,B/b (6).csv,B,450,750
1448,B/b (6).csv,B,600,900
1449,B/b (6).csv,B,750,1050
1450,B/b (6).csv,B,900,1200
1451,B/b (6).csv,B,1050,1350
1452,B/b (6).csv,B,1200,1500
1453,B/b (6).csv,B,1350,1650
1454,B/b (6).csv,B,1500,1800
1455,B/b (6).csv,B,1650,1950
1456,B/b (6).csv,B,1800,2100
1457,B/b (6).csv,B,1950,2250
1458,B/b (6).csv,B,2100,2400
1459,B/b (6).csv,B,2250,2550
1460,B/b (6).csv,B,2400,2700
1461,B/b (6).csv,B,2550,2850
1462,B/b (6).csv,B,2700,3000
1463,B/b (7).csv,B,0,300
1464,B/b (7).csv,B,150,450
1465,B/b (7).csv,B,300,600
1466,B/b (7).csv,B,450,750
1467,B/b (7).csv,B,600,900
1468,B/b (7).csv,B,750,1050
1469,B/b (7).csv,B,900,1200
1470,B/b (7).csv,B,1050,1350
1471,B/b (7).csv,B,1200,1500
1472,B/b (7).csv,B,1350,1650
1473,B/b (7).csv,B,1500,1800
1474,B/b (7).csv,B,1650,1950
1475,B/b (7).csv,B,1800,2100
1476,B/b (7).csv,B,1950,2250
1477,B/b (7).csv,B,2100,2400
1478,B/b (7).csv,B,2250,2550
1479,B/b (7).csv,B,2400,2700
1480,B/b (7).csv,B,2550,2850
1481,B/b (7).csv,B,2700,3000
1482,B/b (8).csv,B,0,300
1483,B/b (8).csv,B,150,450
1484,B/b (8).csv,B,300,600
1485,B/b (8).csv,B,450,750
1486,B/b (8).csv,B,600,900
1487,B/b (8).csv,B,750,1050
1488,B/b (8).csv,B,900,1200
1489,B/b (8).csv,B,1050,1350
1490,B/b (8).csv,B,1200,1500
1491,B/b (8).csv,B,1350,1650
1492,B/b (8).csv,B,1500,1800
1493,B/b (8).csv,B,1650,1950
1494,B/b (8).csv,B,1800,2100
1495,B/b (8).csv,B,1950,2250
1496,B/b (8).csv,B,2100,2400
1497,B/b (8).csv,B,2250,2550
1498,B/b (8).csv,B,2400,2700
1499,B/b (8).csv,B,2550,2850
1500,B/b (8).csv,B,2700,3000
1501,B/b (9).csv,B,0,300
1502,B/b (9).csv,B,150,450
1503,B/b (9).csv,B,300,600
1504,B/b (9).csv,B,450,750
1505,B/b (9).csv,B,600,900
1506,B/b (9).csv,B,750,1050
1507,B/b (9).csv,B,900,1200
1508,B/b (9).csv,B,1050,1350
1509,B/b (9).csv,B,1200,1500
1510,B/b (9).csv,B,1350,1650
1511,B/b (9).csv,B,1500,1800
1512,B/b (9).csv,B,1650,1950
1513,B/b (9).csv,B,1800,2100
1514,B/b (9).csv,B,1950,2250
1515,B/b (9).csv,B,2100,2400
1516,B/b (9).csv,B,2250,2550
1517,B/b (9).csv,B,2400,2700
1518,B/b (9).csv,B,2550,2850
1519,B/b (9).csv,B,2700,3000
1520,C/c (1).csv,C,0,300
1521,C/c (1).csv,C,150,450
1522,C/c (1).csv,C,300,600
1523,C/c (1).csv,C,450,750
1524,C/c (1).csv,C,600,900
1525,C/c (1).csv,C,750,1050
1526,C/c (1).csv,C,900,1200
1527,C/c (1).csv,C,1050,1350
1528,C/c (1).csv,C,1200,1500
1529,C/c (1).csv,C,1350,1650
1530,C/c (1).csv,C,1500,1800
1531,C/c (1).csv,C,1650,1950
1532,C/c (1).csv,C,1800,2100
1533,C/c (1).csv,C,1950,2250
1534,C/c (1).csv,C,2100,2400
1535,C/c (1).csv,C,2250,2550
1536,C/c (1).csv,C,2400,2700
1537,C/c (1).csv,C,2550,2850
1538,C/c (1).csv,C,2700,3000
1539,C/c (10).csv,C,0,300
1540,C/c (10).csv,C,150,450
1541,C/c (10).csv,C,300,600
1542,C/c (10).csv,C,450,750
1543,C/c (10).csv,C,600,900
1544,C/c (10).csv,C,750,1050
1545,C/c (10).csv,C,900,1200
1546,C/c (10).csv,C,1050,1350
1547,C/c (10).csv,C,1200,1500
1548,C/c (10).csv,C,1350,1650
1549,C/c (10).csv,C,1500,1800
1550,C/c (10).csv,C,1650,1950
1551,C/c (10).csv,C,1800,2100
1552,C/c (10).csv,C,1950,2250
1553,C/c (10).csv,C,2100,2400
1554,C/c (10).csv,C,2250,2550
1555,C/c (10).csv,C,2400,2700
1556,C/c (10).csv,C,2550,2850
1557,C/c (10).csv,C,2700,3000
1558,C/c (11).csv,C,0,300
1559,C/c (11).csv,C,150,450
1560,C/c (11).csv,C,300,600
1561,C/c (11).csv,C,450,750
1562,C/c (11).csv,C,600,900
1563,C/c (11).csv,C,750,1050
1564,C/c (11).csv,C,900,1200
1565,C/c (11).csv,C,1050,1350
1566,C/c (11).csv,C,1200,1500
1567,C/c (11).csv,C,1350,1650
1568,C/c (11).csv,C,1500,1800
1569,C/c (11).csv,C,1650,1950
1570,C/c (11).csv,C,1800,2100
1571,C/c (11).csv,C,1950,2250
1572,C/c (11).csv,C,2100,2400
1573,C/c (11).csv,C,2250,2550
1574,C/c (11).csv,C,2400,2700
1575,C/c (11).csv,C,2550,2850
1576,C/c (11).csv,C,2700,3000
1577,C/c (13).csv,C,0,300
1578,C/c (13).csv,C,150,450
1579,C/c (13).csv,C,300,600
1580,C/c (13).csv,C,450,750
1581,C/c (13).csv,C,600,900
1582,C/c (13).csv,C,750,1050
1583,C/c (13).csv,C,900,1200
1584,C/c (13).csv,C,1050,1350
1585,C/c (13).csv,C,1200,1500
1586,C/c (13).csv,C,1350,1650
1587,C/c (13).csv,C,1500,1800
1588,C/c (13).csv,C,1650,1950
1589,C/c (13).csv,C,1800,2100
1590,C/c (13).csv,C,1950,2250
1591,C/c (13).csv,C,2100,2400
1592,C/c (13).csv,C,2250,2550
1593,C/c (13).csv,C,2400,2700
1594,C/c (13).csv,C,2550,2850
1595,C/c (13).csv,C,2700,3000
1596,C/c (14).csv,C,0,300
1597,C/c (14).csv,C,150,450
1598,C/c (14).csv,C,300,600
1599,C/c (14).csv,C,450,750
1600,C/c (14).csv,C,600,900
1601,C/c (14).csv,C,750,1050
1602,C/c (14).csv,C,900,1200
1603,C/c (14).csv,C,1050,1350
1604,C/c (14).csv,C,1200,1500
1605,C/c (14).csv,C,1350,1650
1606,C/c (14).csv,C,1500,1800
1607,C/c (14).csv,C,1650,1950
1608,C/c (14).csv,C,1800,2100
1609,C/c (14).csv,C,1950,2250
1610,C/c (14).csv,C,2100,2400
1611,C/c (14).csv,C,2250,2550
1612,C/c (14).csv,C,2400,2700
1613,C/c (14).csv,C,2550,2850
1614,C/c (14).csv,C,2700,3000
1615,C/c (15).csv,C,0,300
1616,C/c (15).csv,C,150,450
1617,C/c (15).csv,C,300,600
1618,C/c (15).csv,C,450,750
1619,C/c (15).csv,C,600,900
1620,C/c (15).csv,C,750,1050
1621,C/c (15).csv,C,900,1200
1622,C/c (15).csv,C,1050,1350
1623,C/c (15).csv,C,1200,1500
1624,C/c (15).csv,C,1350,1650
1625,C/c (15).csv,C,1500,1800
1626,C/c (15).csv,C,1650,1950
1627,C/c (15).csv,C,1800,2100
1628,C/c (15).csv,C,1950,2250
1629,C/c (15).csv,C,2100,2400
1630,C/c (15).csv,C,2250,2550
1631,C/c (15).csv,C,2400,2700
1632,C/c (15).csv,C,2550,2850
1633,C/c (15).csv,C,2700,3000
1634,C/c (16).csv,C,0,300
1635,C/c (16).csv,C,150,450
1636,C/c (16).csv,C,300,600
1637,C/c (16).csv,C,450,750
1638,C/c (16).csv,C,600,900
1639,C/c (16).csv,C,750,1050
1640,C/c (16).csv,C,900,1200
1641,C/c (16).csv,C,1050,1350
1642,C/c (16).csv,C,1200,1500
1643,C/c (16).csv,C,1350,1650
1644,C/c (16).csv,C,1500,1800
1645,C/c (16).csv,C,1650,1950
1646,C/c (16).csv,C,1800,2100
1647,C/c (16).csv,C,1950,2250
1648,C/c (16).csv,C,2100,2400
1649,C/c (16).csv,C,2250,2550
1650,C/c (16).csv,C,2400,2700
1651,C/c (16).csv,C,2550,2850
1652,C/c (16).csv,C,2700,3000
1653,C/c (19).csv,C,0,300
1654,C/c (19).csv,C,150,450
1655,C/c (19).csv,C,300,600
1656,C/c (19).csv,C,450,750
1657,C/c (19).csv,C,600,900
1658,C/c (19).csv,C,750,1050
1659,C/c (19).csv,C,900,1200
1660,C/c (19).csv,C,1050,1350
1661,C/c (19).csv,C,1200,1500
1662,C/c (19).csv,C,1350,1650
1663,C/c (19).csv,C,1500,1800
1664,C/c (19).csv,C,1650,1950
1665,C/c (19).csv,C,1800,2100
1666,C/c (19).csv,C,1950,2250
1667,C/c (19).csv,C,2100,2400
1668,C/c (19).csv,C,2250,2550
1669,C/c (19).csv,C,2400,2700
1670,C/c (19).csv,C,2550,2850
1671,C/c (19).csv,C,2700,3000
1672,C/c (2).csv,C,0,300
1673,C/c (2).csv,C,150,450
1674,C/c (2).csv,C,300,600
1675,C/c (2).csv,C,450,750
1676,C/c (2).csv,C,600,900
1677,C/c (2).csv,C,750,1050
1678,C/c (2).csv,C,900,1200
1679,C/c (2).csv,C,1050,1350
1680,C/c (2).csv,C,1200,1500
1681,C/c (2).csv,C,1350,1650
1682,C/c (2).csv,C,1500,1800
1683,C/c (2).csv,C,1650,1950
1684,C/c (2).csv,C,1800,2100
1685,C/c (2).csv,C,1950,2250
1686,C/c (2).csv,C,2100,2400
1687,C/c (2).csv,C,2250,2550
1688,C/c (2).csv,C,2400,2700
1689,C/c (2).csv,C,2550,2850
1690,C/c (2).csv,C,2700,3000
1691,C/c (20).csv,C,0,300
1692,C/c (20).csv,C,150,450
1693,C/c (20).csv,C,300,600
1694,C/c (20).csv,C,450,750
1695,C/c (20).csv,C,600,900
1696,C/c (20).csv,C,750,1050
1697,C/c (20).csv,C,900,1200
1698,C/c (20).csv,C,1050,1350
1699,C/c (20).csv,C,1200,1500
1700,C/c (20).csv,C,1350,1650
1701,C/c (20).csv,C,1500,1800
1702,C/c (20).csv,C,1650,1950
1703,C/c (20).csv,C,1800,2100
1704,C/c (20).csv,C,1950,2250
1705,C/c (20).csv,C,2100,2400
1706,C/c (20).csv,C,2250,2550
1707,C/c (20).csv,C,2400,2700
1708,C/c (20).csv,C,2550,2850
1709,C/c (20).csv,C,2700,3000
1710,C/c (21).csv,C,0,300
1711,C/c (21).csv,C,150,450
1712,C/c (21).csv,C,300,600
1713,C/c (21).csv,C,450,750
1714,C/c (21).csv,C,600,900
1715,C/c (21).csv,C,750,1050
1716,C/c (21).csv,C,900,1200
1717,C/c (21).csv,C,1050,1350
1718,C/c (21).csv,C,1200,1500
1719,C/c (21).csv,C,1350,1650
1720,C/c (21).csv,C,1500,1800
1721,C/c (21).csv,C,1650,1950
1722,C/c (21).csv,C,1800,2100
1723,C/c (21).csv,C,1950,2250
1724,C/c (21).csv,C,2100,2400
1725,C/c (21).csv,C,2250,2550
1726,C/c (21).csv,C,2400,2700
1727,C/c (21).csv,C,2550,2850
1728,C/c (21).csv,C,2700,3000
1729,C/c (23).csv,C,0,300
1730,C/c (23).csv,C,150,450
1731,C/c (23).csv,C,300,600
1732,C/c (23).csv,C,450,750
1733,C/c (23).csv,C,600,900
1734,C/c (23).csv,C,750,1050
1735,C/c (23).csv,C,900,1200
1736,C/c (23).csv,C,1050,1350
1737,C/c (23).csv,C,1200,1500
1738,C/c (23).csv,C,1350,1650
1739,C/c (23).csv,C,1500,1800
1740,C/c (23).csv,C,1650,1950
1741,C/c (23).csv,C,1800,2100
1742,C/c (23).csv,C,1950,2250
1743,C/c (23).csv,C,2100,2400
1744,C/c (23).csv,C,2250,2550
1745,C/c (23).csv,C,2400,2700
1746,C/c (23).csv,C,2550,2850
1747,C/c (23).csv,C,2700,3000
1748,C/c (24).csv,C,0,300
1749,C/c (24).csv,C,150,450
1750,C/c (24).csv,C,300,600
1751,C/c (24).csv,C,450,750
1752,C/c (24).csv,C,600,900
1753,C/c (24).csv,C,750,1050
1754,C/c (24).csv,C,900,1200
1755,C/c (24).csv,C,1050,1350
1756,C/c (24).csv,C,1200,1500
1757,C/c (24).csv,C,1350,1650
1758,C/c (24).csv,C,1500,1800
1759,C/c (24).csv,C,1650,1950
1760,C/c (24).csv,C,1800,2100
1761,C/c (24).csv,C,1950,2250
1762,C/c (24).csv,C,2100,2400
1763,C/c (24).csv,C,2250,2550
1764,C/c (24).csv,C,2400,2700
1765,C/c (24).csv,C,2550,2850
1766,C/c (24).csv,C,2700,3000
1767,C/c (25).csv,C,0,300
1768,C/c (25).csv,C,150,450
1769,C/c (25).csv,C,300,600
1770,C/c (25).csv,C,450,750
1771,C/c (25).csv,C,600,900
1772,C/c (25).csv,C,750,1050
1773,C/c (25).csv,C,900,1200
1774,C/c (25).csv,C,1050,1350
1775,C/c (25).csv,C,1200,1500
1776,C/c (25).csv,C,1350,1650
1777,C/c (25).csv,C,1500,1800
1778,C/c (25).csv,C,1650,1950
1779,C/c (25).csv,C,1800,2100
1780,C/c (25).csv,C,1950,2250
1781,C/c (25).csv,C,2100,2400
1782,C/c (25).csv,C,2250,2550
1783,C/c (25).csv,C,2400,2700
1784,C/c (25).csv,C,2550,2850
1785,C/c (25).csv,C,2700,3000
1786,C/c (26).csv,C,0,300
1787,C/c (26).csv,C,150,450
1788,C/c (26).csv,C,300,600
1789,C/c (26).csv,C,450,750
1790,C/c (26).csv,C,600,900
1791,C/c (26).csv,C,750,1050
1792,C/c (26).csv,C,900,1200
1793,C/c (26).csv,C,1050,1350
1794,C/c (26).csv,C,1200,1500
1795,C/c (26).csv,C,1350,1650
1796,C/c (26).csv,C,1500,1800
1797,C/c (26).csv,C,1650,1950
1798,C/c (26).csv,C,1800,2100
1799,C/c (26).csv,C,1950,2250
1800,C/c (26).csv,C,2100,2400
1801,C/c (26).csv,C,2250,2550
1802,C/c (26).csv,C,2400,2700
1803,C/c (26).csv,C,2550,2850
1804,C/c (26).csv,C,2700,3000
1805,C/c (27).csv,C,0,300
1806,C/c (27).csv,C,150,450
1807,C/c (27).csv,C,300,600
1808,C/c (27).csv,C,450,750
1809,C/c (27).csv,C,600,900
1810,C/c (27).csv,C,750,1050
1811,C/c (27).csv,C,900,1200
1812,C/c (27).csv,C,1050,1350
1813,C/c (27).csv,C,1200,1500
1814,C/c (27).csv,C,1350,1650
1815,C/c (27).csv,C,1500,1800
1816,C/c (27).csv,C,1650,1950
1817,C/c (27).csv,C,1800,2100
1818,C/c (27).csv,C,1950,2250
1819,C/c (27).csv,C,2100,2400
1820,C/c (27).csv,C,2250,2550
1821,C/c (27).csv,C,2400,2700
1822,C/c (27).csv,C,2550,2850
1823,C/c (27).csv,C,2700,3000
1824,C/c (28).csv,C,0,300
1825,C/c (28).csv,C,150,450
1826,C/c (28).csv,C,300,600
1827,C/c (28).csv,C,450,750
1828,C/c (28).csv,C,600,900
1829,C/c (28).csv,C,750,1050
1830,C/c (28).csv,C,900,1200
1831,C/c (28).csv,C,1050,1350
1832,C/c (28).csv,C,1200,1500
1833,C/c (28).csv,C,1350,1650
1834,C/c (28).csv,C,1500,1800
1835,C/c (28).csv,C,1650,1950
1836,C/c (28).csv,C,1800,2100
1837,C/c (28).csv,C,1950,2250
1838,C/c (28).csv,C,2100,2400
1839,C/c (28).csv,C,2250,2550
1840,C/c (28).csv,C,2400,2700
1841,C/c (28).csv,C,2550,2850
1842,C/c (28).csv,C,2700,3000
1843,C/c (29).csv,C,0,300
1844,C/c (29).csv,C,150,450
1845,C/c (29).csv,C,300,600
1846,C/c (29).csv,C,450,750
1847,C/c (29).csv,C,600,900
1848,C/c (29).csv,C,750,1050
1849,C/c (29).csv,C,900,1200
1850,C/c (29).csv,C,1050,1350
1851,C/c (29).csv,C,1200,1500
1852,C/c (29).csv,C,1350,1650
1853,C/c (29).csv,C,1500,1800
1854,C/c (29).csv,C,1650,1950
1855,C/c (29).csv,C,1800,2100
1856,C/c (29).csv,C,1950,2250
1857,C/c (29).csv,C,2100,2400
1858,C/c (29).csv,C,2250,2550
1859,C/c (29).csv,C,2400,2700
1860,C/c (29).csv,C,2550,2850
1861,C/c (29).csv,C,2700,3000
1862,C/c (3).csv,C,0,300
1863,C/c (3).csv,C,150,450
1864,C/c (3).csv,C,300,600
1865,C/c (3).csv,C,450,750
1866,C/c (3).csv,C,600,900
1867,C/c (3).csv,C,750,1050
1868,C/c (3).csv,C,900,1200
1869,C/c (3).csv,C,1050,1350
1870,C/c (3).csv,C,1200,1500
1871,C/c (3).csv,C,1350,1650
1872,C/c (3).csv,C,1500,1800
1873,C/c (3).csv,C,1650,1950
1874,C/c (3).csv,C,1800,2100
1875,C/c (3).csv,C,1950,2250
1876,C/c (3).csv,C,2100,2400
1877,C/c (3).csv,C,2250,2550
1878,C/c (3).csv,C,2400,2700
1879,C/c (3).csv,C,2550,2850
1880,C/c (3).csv,C,2700,3000
1881,C/c (30).csv,C,0,300
1882,C/c (30).csv,C,150,450
1883,C/c (30).csv,C,300,600
1884,C/c (30).csv,C,450,750
1885,C/c (30).csv,C,600,900
1886,C/c (30).csv,C,750,1050
1887,C/c (30).csv,C,900,1200
1888,C/c (30).csv,C,1050,1350
1889,C/c (30).csv,C,1200,1500
1890,C/c (30).csv,C,1350,1650
1891,C/c (30).csv,C,1500,1800
1892,C/c (30).csv,C,1650,1950
1893,C/c (30).csv,C,1800,2100
1894,C/c (30).csv,C,1950,2250
1895,C/c (30).csv,C,2100,2400
1896,C/c (30).csv,C,2250,2550
1897,C/c (30).csv,C,2400,2700
1898,C/c (30).csv,C,2550,2850
1899,C/c (30).csv,C,2700,3000
1900,C/c (31).csv,C,0,300
1901,C/c (31).csv,C,150,450
1902,C/c (31).csv,C,300,600
1903,C/c (31).csv,C,450,750
1904,C/c (31).csv,C,600,900
1905,C/c (31).csv,C,750,1050
1906,C/c (31).csv,C,900,1200
1907,C/c (31).csv,C,1050,1350
1908,C/c (31).csv,C,1200,1500
1909,C/c (31).csv,C,1350,1650
1910,C/c (31).csv,C,1500,1800
1911,C/c (31).csv,C,1650,1950
1912,C/c (31).csv,C,1800,2100
1913,C/c (31).csv,C,1950,2250
1914,C/c (31).csv,C,2100,2400
1915,C/c (31).csv,C,2250,2550
1916,C/c (31).csv,C,2400,2700
1917,C/c (31).csv,C,2550,2850
1918,C/c (31).csv,C,2700,3000
1919,C/c (32).csv,C,0,300
1920,C/c (32).csv,C,150,450
1921,C/c (32).csv,C,300,600
1922,C/c (32).csv,C,450,750
1923,C/c (32).csv,C,600,900
1924,C/c (32).csv,C,750,1050
1925,C/c (32).csv,C,900,1200
1926,C/c (32).csv,C,1050,1350
1927,C/c (32).csv,C,1200,1500
1928,C/c (32).csv,C,1350,1650
1929,C/c (32).csv,C,1500,1800
1930,C/c (32).csv,C,1650,1950
1931,C/c (32).csv,C,1800,2100
1932,C/c (32).csv,C,1950,2250
1933,C/c (32).csv,C,2100,2400
1934,C/c (32).csv,C,2250,2550
1935,C/c (32).csv,C,2400,2700
1936,C/c (32).csv,C,2550,2850
1937,C/c (32).csv,C,2700,3000
1938,C/c (33).csv,C,0,300
1939,C/c (33).csv,C,150,450
1940,C/c (33).csv,C,300,600
1941,C/c (33).csv,C,450,750
1942,C/c (33).csv,C,600,900
1943,C/c (33).csv,C,750,1050
1944,C/c (33).csv,C,900,1200
1945,C/c (33).csv,C,1050,1350
1946,C/c (33).csv,C,1200,1500
1947,C/c (33).csv,C,1350,1650
1948,C/c (33).csv,C,1500,1800
1949,C/c (33).csv,C,1650,1950
1950,C/c (33).csv,C,1800,2100
1951,C/c (33).csv,C,1950,2250
1952,C/c (33).csv,C,2100,2400
1953,C/c (33).csv,C,2250,2550
1954,C/c (33).csv,C,2400,2700
1955,C/c (33).csv,C,2550,2850
1956,C/c (33).csv,C,2700,3000
1957,C/c (34).csv,C,0,300
1958,C/c (34).csv,C,150,450
1959,C/c (34).csv,C,300,600
1960,C/c (34).csv,C,450,750
1961,C/c (34).csv,C,600,900
1962,C/c (34).csv,C,750,1050
1963,C/c (34).csv,C,900,1200
1964,C/c (34).csv,C,1050,1350
1965,C/c (34).csv,C,1200,1500
1966,C/c (34).csv,C,1350,1650
1967,C/c (34).csv,C,1500,1800
1968,C/c (34).csv,C,1650,1950
1969,C/c (34).csv,C,1800,2100
1970,C/c (34).csv,C,1950,2250
1971,C/c (34).csv,C,2100,2400
1972,C/c (34).csv,C,2250,2550
1973,C/c (34).csv,C,2400,2700
1974,C/c (34).csv,C,2550,2850
1975,C/c (34).csv,C,2700,3000
1976,C/c (36).csv,C,0,300
1977,C/c (36).csv,C,150,450
1978,C/c (36).csv,C,300,600
1979,C/c (36).csv,C,450,750
1980,C/c (36).csv,C,600,900
1981,C/c (36).csv,C,750,1050
1982,C/c (36).csv,C,900,1200
1983,C/c (36).csv,C,1050,1350
1984,C/c (36).csv,C,1200,1500
1985,C/c (36).csv,C,1350,1650
1986,C/c (36).csv,C,1500,1800
1987,C/c (36).csv,C,1650,1950
1988,C/c (36).csv,C,1800,2100
1989,C/c (36).csv,C,1950,2250
1990,C/c (36).csv,C,2100,2400
1991,C/c (36).csv,C,2250,2550
1992,C/c (36).csv,C,2400,2700
1993,C/c (36).csv,C,2550,2850
1994,C/c (36).csv,C,2700,3000
1995,C/c (37).csv,C,0,300
1996,C/c (37).csv,C,150,450
1997,C/c (37).csv,C,300,600
1998,C/c (37).csv,C,450,750
1999,C/c (37).csv,C,600,900
2000,C/c (37).csv,C,750,1050
2001,C/c (37).csv,C,900,1200
2002,C/c (37).csv,C,1050,1350
2003,C/c (37).csv,C,1200,1500
2004,C/c (37).csv,C,1350,1650
2005,C/c (37).csv,C,1500,1800
2006,C/c (37).csv,C,1650,1950
2007,C/c (37).csv,C,1800,2100
2008,C/c (37).csv,C,1950,2250
2009,C/c (37).csv,C,2100,2400
2010,C/c (37).csv,C,2250,2550
2011,C/c (37).csv,C,2400,2700
2012,C/c (37).csv,C,2550,2850
2013,C/c (37).csv,C,2700,3000
2014,C/c (38).csv,C,0,300
2015,C/c (38).csv,C,150,450
2016,C/c (38).csv,C,300,600
2017,C/c (38).csv,C,450,750
2018,C/c (38).csv,C,600,900
2019,C/c (38).csv,C,750,1050
2020,C/c (38).csv,C,900,1200
2021,C/c (38).csv,C,1050,1350
2022,C/c (38).csv,C,1200,1500
2023,C/c (38).csv,C,1350,1650
2024,C/c (38).csv,C,1500,1800
2025,C/c (38).csv,C,1650,1950
2026,C/c (38).csv,C,1800,2100
2027,C/c (38).csv,C,1950,2250
2028,C/c (38).csv,C,2100,2400
2029,C/c (38).csv,C,2250,2550
2030,C/c (38).csv,C,2400,2700
2031,C/c (38).csv,C,2550,2850
2032,C/c (38).csv,C,2700,3000
2033,C/c (39).csv,C,0,300
2034,C/c (39).csv,C,150,450
2035,C/c (39).csv,C,300,600
2036,C/c (39).csv,C,450,750
2037,C/c (39).csv,C,600,900
2038,C/c (39).csv,C,750,1050
2039,C/c (39).csv,C,900,1200
2040,C/c (39).csv,C,1050,1350
2041,C/c (39).csv,C,1200,1500
2042,C/c (39).csv,C,1350,1650
2043,C/c (39).csv,C,1500,1800
2044,C/c (39).csv,C,1650,1950
2045,C/c (39).csv,C,1800,2100
2046,C/c (39).csv,C,1950,2250
2047,C/c (39).csv,C,2100,2400
2048,C/c (39).csv,C,2250,2550
2049,C/c (39).csv,C,2400,2700
2050,C/c (39).csv,C,2550,2850
2051,C/c (39).csv,C,2700,3000
2052,C/c (4).csv,C,0,300
2053,C/c (4).csv,C,150,450
2054,C/c (4).csv,C,300,600
2055,C/c (4).csv,C,450,750
2056,C/c (4).csv,C,600,900
2057,C/c (4).csv,C,750,1050
2058,C/c (4).csv,C,900,1200
2059,C/c (4).csv,C,1050,1350
2060,C/c (4).csv,C,1200,1500
2061,C/c (4).csv,C,1350,1650
2062,C/c (4).csv,C,1500,1800
2063,C/c (4).csv,C,1650,1950
2064,C/c (4).csv,C,1800,2100
2065,C/c (4).csv,C,1950,2250
2066,C/c (4).csv,C,2100,2400
2067,C/c (4).csv,C,2250,2550
2068,C/c (4).csv,C,2400,2700
2069,C/c (4).csv,C,2550,2850
2070,C/c (4).csv,C,2700,3000
2071,C/c (41).csv,C,0,300
2072,C/c (41).csv,C,150,450
2073,C/c (41).csv,C,300,600
2074,C/c (41).csv,C,450,750
2075,C/c (41).csv,C,600,900
2076,C/c (41).csv,C,750,1050
2077,C/c (41).csv,C,900,1200
2078,C/c (41).csv,C,1050,1350
2079,C/c (41).csv,C,1200,1500
2080,C/c (41).csv,C,1350,1650
2081,C/c (41).csv,C,1500,1800
2082,C/c (41).csv,C,1650,1950
2083,C/c (41).csv,C,1800,2100
2084,C/c (41).csv,C,1950,2250
2085,C/c (41).csv,C,2100,2400
2086,C/c (41).csv,C,2250,2550
2087,C/c (41).csv,C,2400,2700
2088,C/c (41).csv,C,2550,2850
2089,C/c (41).csv,C,2700,3000
2090,C/c (45).csv,C,0,300
2091,C/c (45).csv,C,150,450
2092,C/c (45).csv,C,300,600
2093,C/c (45).csv,C,450,750
2094,C/c (45).csv,C,600,900
2095,C/c (45).csv,C,750,1050
2096,C/c (45).csv,C,900,1200
2097,C/c (45).csv,C,1050,1350
2098,C/c (45).csv,C,1200,1500
2099,C/c (45).csv,C,1350,1650
2100,C/c (45).csv,C,1500,1800
2101,C/c (45).csv,C,1650,1950
2102,C/c (45).csv,C,1800,2100
2103,C/c (45).csv,C,1950,2250
2104,C/c (45).csv,C,2100,2400
2105,C/c (45).csv,C,2250,2550
2106,C/c (45).csv,C,2400,2700
2107,C/c (45).csv,C,2550,2850
2108,C/c (45).csv,C,2700,3000
2109,C/c (46).csv,C,0,300
2110,C/c (46).csv,C,150,450
2111,C/c (46).csv,C,300,600
2112,C/c (46).csv,C,450,750
2113,C/c (46).csv,C,600,900
2114,C/c (46).csv,C,750,1050
2115,C/c (46).csv,C,900,1200
2116,C/c (46).csv,C,1050,1350
2117,C/c (46).csv,C,1200,1500
2118,C/c (46).csv,C,1350,1650
2119,C/c (46).csv,C,1500,1800
2120,C/c (46).csv,C,1650,1950
2121,C/c (46).csv,C,1800,2100
2122,C/c (46).csv,C,1950,2250
2123,C/c (46).csv,C,2100,2400
2124,C/c (46).csv,C,2250,2550
2125,C/c (46).csv,C,2400,2700
2126,C/c (46).csv,C,2550,2850
2127,C/c (46).csv,C,2700,3000
2128,C/c (47).csv,C,0,300
2129,C/c (47).csv,C,150,450
2130,C/c (47).csv,C,300,600
2131,C/c (47).csv,C,450,750
2132,C/c (47).csv,C,600,900
2133,C/c (47).csv,C,750,1050
2134,C/c (47).csv,C,900,1200
2135,C/c (47).csv,C,1050,1350
2136,C/c (47).csv,C,1200,1500
2137,C/c (47).csv,C,1350,1650
2138,C/c (47).csv,C,1500,1800
2139,C/c (47).csv,C,1650,1950
2140,C/c (47).csv,C,1800,2100
2141,C/c (47).csv,C,1950,2250
2142,C/c (47).csv,C,2100,2400
2143,C/c (47).csv,C,2250,2550
2144,C/c (47).csv,C,2400,2700
2145,C/c (47).csv,C,2550,2850
2146,C/c (47).csv,C,2700,3000
2147,C/c (48).csv,C,0,300
2148,C/c (48).csv,C,150,450
2149,C/c (48).csv,C,300,600
2150,C/c (48).csv,C,450,750
2151,C/c (48).csv,C,600,900
2152,C/c (48).csv,C,750,1050
2153,C/c (48).csv,C,900,1200
2154,C/c (48).csv,C,1050,1350
2155,C/c (48).csv,C,1200,1500
2156,C/c (48).csv,C,1350,1650
2157,C/c (48).csv,C,1500,1800
2158,C/c (48).csv,C,1650,1950
2159,C/c (48).csv,C,1800,2100
2160,C/c (48).csv,C,1950,2250
2161,C/c (48).csv,C,2100,2400
2162,C/c (48).csv,C,2250,2550
2163,C/c (48).csv,C,2400,2700
2164,C/c (48).csv,C,2550,2850
2165,C/c (48).csv,C,2700,3000
2166,C/c (49).csv,C,0,300
2167,C/c (49).csv,C,150,450
2168,C/c (49).csv,C,300,600
2169,C/c (49).csv,C,450,750
2170,C/c (49).csv,C,600,900
2171,C/c (49).csv,C,750,1050
2172,C/c (49).csv,C,900,1200
2173,C/c (49).csv,C,1050,1350
2174,C/c (49).csv,C,1200,1500
2175,C/c (49).csv,C,1350,1650
2176,C/c (49).csv,C,1500,1800
2177,C/c (49).csv,C,1650,1950
2178,C/c (49).csv,C,1800,2100
2179,C/c (49).csv,C,1950,2250
2180,C/c (49).csv,C,2100,2400
2181,C/c (49).csv,C,2250,2550
2182,C/c (49).csv,C,2400,2700
2183,C/c (49).csv,C,2550,2850
2184,C/c (49).csv,C,2700,3000
2185,C/c (5).csv,C,0,300
2186,C/c (5).csv,C,150,450
2187,C/c (5).csv,C,300,600
2188,C/c (5).csv,C,450,750
2189,C/c (5).csv,C,600,900
2190,C/c (5).csv,C,750,1050
2191,C/c (5).csv,C,900,1200
2192,C/c (5).csv,C,1050,1350
2193,C/c (5).csv,C,1200,1500
2194,C/c (5).csv,C,1350,1650
2195,C/c (5).csv,C,1500,1800
2196,C/c (5).csv,C,1650,1950
2197,C/c (5).csv,C,1800,2100
2198,C/c (5).csv,C,1950,2250
2199,C/c (5).csv,C,2100,2400
2200,C/c (5).csv,C,2250,2550
2201,C/c (5).csv,C,2400,2700
2202,C/c (5).csv,C,2550,2850
2203,C/c (5).csv,C,2700,3000
2204,C/c (50).csv,C,0,300
2205,C/c (50).csv,C,150,450
2206,C/c (50).csv,C,300,600
2207,C/c (50).csv,C,450,750
2208,C/c (50).csv,C,600,900
2209,C/c (50).csv,C,750,1050
2210,C/c (50).csv,C,900,1200
2211,C/c (50).csv,C,1050,1350
2212,C/c (50).csv,C,1200,1500
2213,C/c (50).csv,C,1350,1650
2214,C/c (50).csv,C,1500,1800
2215,C/c (50).csv,C,1650,1950
2216,C/c (50).csv,C,1800,2100
2217,C/c (50).csv,C,1950,2250
2218,C/c (50).csv,C,2100,2400
2219,C/c (50).csv,C,2250,2550
2220,C/c (50).csv,C,2400,2700
2221,C/c (50).csv,C,2550,2850
2222,C/c (50).csv,C,2700,3000
2223,C/c (6).csv,C,0,300
2224,C/c (6).csv,C,150,450
2225,C/c (6).csv,C,300,600
2226,C/c (6).csv,C,450,750
2227,C/c (6).csv,C,600,900
2228,C/c (6).csv,C,750,1050
2229,C/c (6).csv,C,900,1200
2230,C/c (6).csv,C,1050,1350
2231,C/c (6).csv,C,1200,1500
2232,C/c (6).csv,C,1350,1650
2233,C/c (6).csv,C,1500,1800
2234,C/c (6).csv,C,1650,1950
2235,C/c (6).csv,C,1800,2100
2236,C/c (6).csv,C,1950,2250
2237,C/c (6).csv,C,2100,2400
2238,C/c (6).csv,C,2250,2550
2239,C/c (6).csv,C,2400,2700
2240,C/c (6).csv,C,2550,2850
2241,C/c (6).csv,C,2700,3000
2242,C/c (7).csv,C,0,300
2243,C/c (7).csv,C,150,450
2244,C/c (7).csv,C,300,600
2245,C/c (7).csv,C,450,750
2246,C/c (7).csv,C,600,900
2247,C/c (7).csv,C,750,1050
2248,C/c (7).csv,C,900,1200
2249,C/c (7).csv,C,1050,1350
2250,C/c (7).csv,C,1200,1500
2251,C/c (7).csv,C,1350,1650
2252,C/c (7).csv,C,1500,1800
2253,C/c (7).csv,C,1650,1950
2254,C/c (7).csv,C,1800,2100
2255,C/c (7).csv,C,1950,2250
2256,C/c (7).csv,C,2100,2400
2257,C/c (7).csv,C,2250,2550
2258,C/c (7).csv,C,2400,2700
2259,C/c (7).csv,C,2550,2850
2260,C/c (7).csv,C,2700,3000
2261,C/c (9).csv,C,0,300
2262,C/c (9).csv,C,150,450
2263,C/c (9).csv,C,300,600
2264,C/c (9).csv,C,450,750
2265,C/c (9).csv,C,600,900
2266,C/c (9).csv,C,750,1050
2267,C/c (9).csv,C,900,1200
2268,C/c (9).csv,C,1050,1350
2269,C/c (9).csv,C,1200,1500
2270,C/c (9).csv,C,1350,1650
2271,C/c (9).csv,C,1500,1800
2272,C/c (9).csv,C,1650,1950
2273,C/c (9).csv,C,1800,2100
2274,C/c (9).csv,C,1950,2250
2275,C/c (9).csv,C,2100,2400
2276,C/c (9).csv,C,2250,2550
2277,C/c (9).csv,C,2400,2700
2278,C/c (9).csv,C,2550,2850
2279,C/c (9).csv,C,2700,3000
2280,D/d (1).csv,D,0,300
2281,D/d (1).csv,D,150,450
2282,D/d (1).csv,D,300,600
2283,D/d (1).csv,D,450,750
2284,D/d (1).csv,D,600,900
2285,D/d (1).csv,D,750,1050
2286,D/d (1).csv,D,900,1200
2287,D/d (1).csv,D,1050,1350
2288,D/d (1).csv,D,1200,1500
2289,D/d (1).csv,D,1350,1650
2290,D/d (1).csv,D,1500,1800
2291,D/d (1).csv,D,1650,1950
2292,D/d (1).csv,D,1800,2100
2293,D/d (1).csv,D,1950,2250
2294,D/d (1).csv,D,2100,2400
2295,D/d (1).csv,D,2250,2550
2296,D/d (1).csv,D,2400,2700
2297,D/d (1).csv,D,2550,2850
2298,D/d (1).csv,D,2700,3000
2299,D/d (10).csv,D,0,300
2300,D/d (10).csv,D,150,450
2301,D/d (10).csv,D,300,600
2302,D/d (10).csv,D,450,750
2303,D/d (10).csv,D,600,900
2304,D/d (10).csv,D,750,1050
2305,D/d (10).csv,D,900,1200
2306,D/d (10).csv,D,1050,1350
2307,D/d (10).csv,D,1200,1500
2308,D/d (10).csv,D,1350,1650
2309,D/d (10).csv,D,1500,1800
2310,D/d (10).csv,D,1650,1950
2311,D/d (10).csv,D,1800,2100
2312,D/d (10).csv,D,1950,2250
2313,D/d (10).csv,D,2100,2400
2314,D/d (10).csv,D,2250,2550
2315,D/d (10).csv,D,2400,2700
2316,D/d (10).csv,D,2550,2850
2317,D/d (10).csv,D,2700,3000
2318,D/d (11).csv,D,0,300
2319,D/d (11).csv,D,150,450
2320,D/d (11).csv,D,300,600
2321,D/d (11).csv,D,450,750
2322,D/d (11).csv,D,600,900
2323,D/d (11).csv,D,750,1050
2324,D/d (11).csv,D,900,1200
2325,D/d (11).csv,D,1050,1350
2326,D/d (11).csv,D,1200,1500
2327,D/d (11).csv,D,1350,1650
2328,D/d (11).csv,D,1500,1800
2329,D/d (11).csv,D,1650,1950
2330,D/d (11).csv,D,1800,2100
2331,D/d (11).csv,D,1950,2250
2332,D/d (11).csv,D,2100,2400
2333,D/d (11).csv,D,2250,2550
2334,D/d (11).csv,D,2400,2700
2335,D/d (11).csv,D,2550,2850
2336,D/d (11).csv,D,2700,3000
2337,D/d (13).csv,D,0,300
2338,D/d (13).csv,D,150,450
2339,D/d (13).csv,D,300,600
2340,D/d (13).csv,D,450,750
2341,D/d (13).csv,D,600,900
2342,D/d (13).csv,D,750,1050
2343,D/d (13).csv,D,900,1200
2344,D/d (13).csv,D,1050,1350
2345,D/d (13).csv,D,1200,1500
2346,D/d (13).csv,D,1350,1650
2347,D/d (13).csv,D,1500,1800
2348,D/d (13).csv,D,1650,1950
2349,D/d (13).csv,D,1800,2100
2350,D/d (13).csv,D,1950,2250
2351,D/d (13).csv,D,2100,2400
2352,D/d (13).csv,D,2250,2550
2353,D/d (13).csv,D,2400,2700
2354,D/d (13).csv,D,2550,2850
2355,D/d (13).csv,D,2700,3000
2356,D/d (14).csv,D,0,300
2357,D/d (14).csv,D,150,450
2358,D/d (14).csv,D,300,600
2359,D/d (14).csv,D,450,750
2360,D/d (14).csv,D,600,900
2361,D/d (14).csv,D,750,1050
2362,D/d (14).csv,D,900,1200
2363,D/d (14).csv,D,1050,1350
2364,D/d (14).csv,D,1200,1500
2365,D/d (14).csv,D,1350,1650
2366,D/d (14).csv,D,1500,1800
2367,D/d (14).csv,D,1650,1950
2368,D/d (14).csv,D,1800,2100
2369,D/d (14).csv,D,1950,2250
2370,D/d (14).csv,D,2100,2400
2371,D/d (14).csv,D,2250,2550
2372,D/d (14).csv,D,2400,2700
2373,D/d (14).csv,D,2550,2850
2374,D/d (14).csv,D,2700,3000
2375,D/d (15).csv,D,0,300
2376,D/d (15).csv,D,150,450
2377,D/d (15).csv,D,300,600
2378,D/d (15).csv,D,450,750
2379,D/d (15).csv,D,600,900
2380,D/d (15).csv,D,750,1050
2381,D/d (15).csv,D,900,1200
2382,D/d (15).csv,D,1050,1350
2383,D/d (15).csv,D,1200,1500
2384,D/d (15).csv,D,1350,1650
2385,D/d (15).csv,D,1500,1800
2386,D/d (15).csv,D,1650,1950
2387,D/d (15).csv,D,1800,2100
2388,D/d (15).csv,D,1950,2250
2389,D/d (15).csv,D,2100,2400
2390,D/d (15).csv,D,2250,2550
2391,D/d (15).csv,D,2400,2700
2392,D/d (15).csv,D,2550,2850
2393,D/d (15).csv,D,2700,3000
2394,D/d (16).csv,D,0,300
2395,D/d (16).csv,D,150,450
2396,D/d (16).csv,D,300,600
2397,D/d (16).csv,D,450,750
2398,D/d (16).csv,D,600,900
2399,D/d (16).csv,D,750,1050
2400,D/d (16).csv,D,900,1200
2401,D/d (16).csv,D,1050,1350
2402,D/d (16).csv,D,1200,1500
2403,D/d (16).csv,D,1350,1650
2404,D/d (16).csv,D,1500,1800
2405,D/d (16).csv,D,1650,1950
2406,D/d (16).csv,D,1800,2100
2407,D/d (16).csv,D,1950,2250
2408,D/d (16).csv,D,2100,2400
2409,D/d (16).csv,D,2250,2550
2410,D/d (16).csv,D,2400,2700
2411,D/d (16).csv,D,2550,2850
2412,D/d (16).csv,D,2700,3000
2413,D/d (17).csv,D,0,300
2414,D/d (17).csv,D,150,450
2415,D/d (17).csv,D,300,600
2416,D/d (17).csv,D,450,750
2417,D/d (17).csv,D,600,900
2418,D/d (17).csv,D,750,1050
2419,D/d (17).csv,D,900,1200
2420,D/d (17).csv,D,1050,1350
2421,D/d (17).csv,D,1200,1500
2422,D/d (17).csv,D,1350,1650
2423,D/d (17).csv,D,1500,1800
2424,D/d (17).csv,D,1650,1950
2425,D/d (17).csv,D,1800,2100
2426,D/d (17).csv,D,1950,2250
2427,D/d (17).csv,D,2100,2400
2428,D/d (17).csv,D,2250,2550
2429,D/d (17).csv,D,2400,2700
2430,D/d (17).csv,D,2550,2850
2431,D/d (17).csv,D,2700,3000
2432,D/d (18).csv,D,0,300
2433,D/d (18).csv,D,150,450
2434,D/d (18).csv,D,300,600
2435,D/d (18).csv,D,450,750
2436,D/d (18).csv,D,600,900
2437,D/d (18).csv,D,750,1050
2438,D/d (18).csv,D,900,1200
2439,D/d (18).csv,D,1050,1350
2440,D/d (18).csv,D,1200,1500
2441,D/d (18).csv,D,1350,1650
2442,D/d (18).csv,D,1500,1800
2443,D/d (18).csv,D,1650,1950
2444,D/d (18).csv,D,1800,2100
2445,D/d (18).csv,D,1950,2250
2446,D/d (18).csv,D,2100,2400
2447,D/d (18).csv,D,2250,2550
2448,D/d (18).csv,D,2400,2700
2449,D/d (18).csv,D,2550,2850
2450,D/d (18).csv,D,2700,3000
2451,D/d (20).csv,D,0,300
2452,D/d (20).csv,D,150,450
2453,D/d (20).csv,D,300,600
2454,D/d (20).csv,D,450,750
2455,D/d (20).csv,D,600,900
2456,D/d (20).csv,D,750,1050
2457,D/d (20).csv,D,900,1200
2458,D/d (20).csv,D,1050,1350
2459,D/d (20).csv,D,1200,1500
2460,D/d (20).csv,D,1350,1650
2461,D/d (20).csv,D,1500,1800
2462,D/d (20).csv,D,1650,1950
2463,D/d (20).csv,D,1800,2100
2464,D/d (20).csv,D,1950,2250
2465,D/d (20).csv,D,2100,2400
2466,D/d (20).csv,D,2250,2550
2467,D/d (20).csv,D,2400,2700
2468,D/d (20).csv,D,2550,2850
2469,D/d (20).csv,D,2700,3000
2470,D/d (21).csv,D,0,300
2471,D/d (21).csv,D,150,450
2472,D/d (21).csv,D,300,600
2473,D/d (21).csv,D,450,750
2474,D/d (21).csv,D,600,900
2475,D/d (21).csv,D,750,1050
2476,D/d (21).csv,D,900,1200
2477,D/d (21).csv,D,1050,1350
2478,D/d (21).csv,D,1200,1500
2479,D/d (21).csv,D,1350,1650
2480,D/d (21).csv,D,1500,1800
2481,D/d (21).csv,D,1650,1950
2482,D/d (21).csv,D,1800,2100
2483,D/d (21).csv,D,1950,2250
2484,D/d (21).csv,D,2100,2400
2485,D/d (21).csv,D,2250,2550
2486,D/d (21).csv,D,2400,2700
2487,D/d (21).csv,D,2550,2850
2488,D/d (21).csv,D,2700,3000
2489,D/d (22).csv,D,0,300
2490,D/d (22).csv,D,150,450
2491,D/d (22).csv,D,300,600
2492,D/d (22).csv,D,450,750
2493,D/d (22).csv,D,600,900
2494,D/d (22).csv,D,750,1050
2495,D/d (22).csv,D,900,1200
2496,D/d (22).csv,D,1050,1350
2497,D/d (22).csv,D,1200,1500
2498,D/d (22).csv,D,1350,1650
2499,D/d (22).csv,D,1500,1800
2500,D/d (22).csv,D,1650,1950
2501,D/d (22).csv,D,1800,2100
2502,D/d (22).csv,D,1950,2250
2503,D/d (22).csv,D,2100,2400
2504,D/d (22).csv,D,2250,2550
2505,D/d (22).csv,D,2400,2700
2506,D/d (22).csv,D,2550,2850
2507,D/d (22).csv,D,2700,3000
2508,D/d (24).csv,D,0,300
2509,D/d (24).csv,D,150,450
2510,D/d (24).csv,D,300,600
2511,D/d (24).csv,D,450,750
2512,D/d (24).csv,D,600,900
2513,D/d (24).csv,D,750,1050
2514,D/d (24).csv,D,900,1200
2515,D/d (24).csv,D,1050,1350
2516,D/d (24).csv,D,1200,1500
2517,D/d (24).csv,D,1350,1650
2518,D/d (24).csv,D,1500,1800
2519,D/d (24).csv,D,1650,1950
2520,D/d (24).csv,D,1800,2100
2521,D/d (24).csv,D,1950,2250
2522,D/d (24).csv,D,2100,2400
2523,D/d (24).csv,D,2250,2550
2524,D/d (24).csv,D,2400,2700
2525,D/d (24).csv,D,2550,2850
2526,D/d (24).csv,D,2700,3000
2527,D/d (26).csv,D,0,300
2528,D/d (26).csv,D,150,450
2529,D/d (26).csv,D,300,600
2530,D/d (26).csv,D,450,750
2531,D/d (26).csv,D,600,900
2532,D/d (26).csv,D,750,1050
2533,D/d (26).csv,D,900,1200
2534,D/d (26).csv,D,1050,1350
2535,D/d (26).csv,D,1200,1500
2536,D/d (26).csv,D,1350,1650
2537,D/d (26).csv,D,1500,1800
2538,D/d (26).csv,D,1650,1950
2539,D/d (26).csv,D,1800,2100
2540,D/d (26).csv,D,1950,2250
2541,D/d (26).csv,D,2100,2400
2542,D/d (26).csv,D,2250,2550
2543,D/d (26).csv,D,2400,2700
2544,D/d (26).csv,D,2550,2850
2545,D/d (26).csv,D,2700,3000
2546,D/d (27).csv,D,0,300
2547,D/d (27).csv,D,150,450
2548,D/d (27).csv,D,300,600
2549,D/d (27).csv,D,450,750
2550,D/d (27).csv,D,600,900
2551,D/d (27).csv,D,750,1050
2552,D/d (27).csv,D,900,1200
2553,D/d (27).csv,D,1050,1350
2554,D/d (27).csv,D,1200,1500
2555,D/d (27).csv,D,1350,1650
2556,D/d (27).csv,D,1500,1800
2557,D/d (27).csv,D,1650,1950
2558,D/d (27).csv,D,1800,2100
2559,D/d (27).csv,D,1950,2250
2560,D/d (27).csv,D,2100,2400
2561,D/d (27).csv,D,2250,2550
2562,D/d (27).csv,D,2400,2700
2563,D/d (27).csv,D,2550,2850
2564,D/d (27).csv,D,2700,3000
2565,D/d (28).csv,D,0,300
2566,D/d (28).csv,D,150,450
2567,D/d (28).csv,D,300,600
2568,D/d (28).csv,D,450,750
2569,D/d (28).csv,D,600,900
2570,D/d (28).csv,D,750,1050
2571,D/d (28).csv,D,900,1200
2572,D/d (28).csv,D,1050,1350
2573,D/d (28).csv,D,1200,1500
2574,D/d (28).csv,D,1350,1650
2575,D/d (28).csv,D,1500,1800
2576,D/d (28).csv,D,1650,1950
2577,D/d (28).csv,D,1800,2100
2578,D/d (28).csv,D,1950,2250
2579,D/d (28).csv,D,2100,2400
2580,D/d (28).csv,D,2250,2550
2581,D/d (28).csv,D,2400,2700
2582,D/d (28).csv,D,2550,2850
2583,D/d (28).csv,D,2700,3000
2584,D/d (29).csv,D,0,300
2585,D/d (29).csv,D,150,450
2586,D/d (29).csv,D,300,600
2587,D/d (29).csv,D,450,750
2588,D/d (29).csv,D,600,900
2589,D/d (29).csv,D,750,1050
2590,D/d (29).csv,D,900,1200
2591,D/d (29).csv,D,1050,1350
2592,D/d (29).csv,D,1200,1500
2593,D/d (29).csv,D,1350,1650
2594,D/d (29).csv,D,1500,1800
2595,D/d (29).csv,D,1650,1950
2596,D/d (29).csv,D,1800,2100
2597,D/d (29).csv,D,1950,2250
2598,D/d (29).csv,D,2100,2400
2599,D/d (29).csv,D,2250,2550
2600,D/d (29).csv,D,2400,2700
2601,D/d (29).csv,D,2550,2850
2602,D/d (29).csv,D,2700,3000
2603,D/d (3).csv,D,0,300
2604,D/d (3).csv,D,150,450
2605,D/d (3).csv,D,300,600
2606,D/d (3).csv,D,450,750
2607,D/d (3).csv,D,600,900
2608,D/d (3).csv,D,750,1050
2609,D/d (3).csv,D,900,1200
2610,D/d (3).csv,D,1050,1350
2611,D/d (3).csv,D,1200,1500
2612,D/d (3).csv,D,1350,1650
2613,D/d (3).csv,D,1500,1800
2614,D/d (3).csv,D,1650,1950
2615,D/d (3).csv,D,1800,2100
2616,D/d (3).csv,D,1950,2250
2617,D/d (3).csv,D,2100,2400
2618,D/d (3).csv,D,2250,2550
2619,D/d (3).csv,D,2400,2700
2620,D/d (3).csv,D,2550,2850
2621,D/d (3).csv,D,2700,3000
2622,D/d (33).csv,D,0,300
2623,D/d (33).csv,D,150,450
2624,D/d (33).csv,D,300,600
2625,D/d (33).csv,D,450,750
2626,D/d (33).csv,D,600,900
2627,D/d (33).csv,D,750,1050
2628,D/d (33).csv,D,900,1200
2629,D/d (33).csv,D,1050,1350
2630,D/d (33).csv,D,1200,1500
2631,D/d (33).csv,D,1350,1650
2632,D/d (33).csv,D,1500,1800
2633,D/d (33).csv,D,1650,1950
2634,D/d (33).csv,D,1800,2100
2635,D/d (33).csv,D,1950,2250
2636,D/d (33).csv,D,2100,2400
2637,D/d (33).csv,D,2250,2550
2638,D/d (33).csv,D,2400,2700
2639,D/d (33).csv,D,2550,2850
2640,D/d (33).csv,D,2700,3000
2641,D/d (34).csv,D,0,300
2642,D/d (34).csv,D,150,450
2643,D/d (34).csv,D,300,600
2644,D/d (34).csv,D,450,750
2645,D/d (34).csv,D,600,900
2646,D/d (34).csv,D,750,1050
2647,D/d (34).csv,D,900,1200
2648,D/d (34).csv,D,1050,1350
2649,D/d (34).csv,D,1200,1500
2650,D/d (34).csv,D,1350,1650
2651,D/d (34).csv,D,1500,1800
2652,D/d (34).csv,D,1650,1950
2653,D/d (34).csv,D,1800,2100
2654,D/d (34).csv,D,1950,2250
2655,D/d (34).csv,D,2100,2400
2656,D/d (34).csv,D,2250,2550
2657,D/d (34).csv,D,2400,2700
2658,D/d (34).csv,D,2550,2850
2659,D/d (34).csv,D,2700,3000
2660,D/d (35).csv,D,0,300
2661,D/d (35).csv,D,150,450
2662,D/d (35).csv,D,300,600
2663,D/d (35).csv,D,450,750
2664,D/d (35).csv,D,600,900
2665,D/d (35).csv,D,750,1050
2666,D/d (35).csv,D,900,1200
2667,D/d (35).csv,D,1050,1350
2668,D/d (35).csv,D,1200,1500
2669,D/d (35).csv,D,1350,1650
2670,D/d (35).csv,D,1500,1800
2671,D/d (35).csv,D,1650,1950
2672,D/d (35).csv,D,1800,2100
2673,D/d (35).csv,D,1950,2250
2674,D/d (35).csv,D,2100,2400
2675,D/d (35).csv,D,2250,2550
2676,D/d (35).csv,D,2400,2700
2677,D/d (35).csv,D,2550,2850
2678,D/d (35).csv,D,2700,3000
2679,D/d (36).csv,D,0,300
2680,D/d (36).csv,D,150,450
2681,D/d (36).csv,D,300,600
2682,D/d (36).csv,D,450,750
2683,D/d (36).csv,D,600,900
2684,D/d (36).csv,D,750,1050
2685,D/d (36).csv,D,900,1200
2686,D/d (36).csv,D,1050,1350
2687,D/d (36).csv,D,1200,1500
2688,D/d (36).csv,D,1350,1650
2689,D/d (36).csv,D,1500,1800
2690,D/d (36).csv,D,1650,1950
2691,D/d (36).csv,D,1800,2100
2692,D/d (36).csv,D,1950,2250
2693,D/d (36).csv,D,2100,2400
2694,D/d (36).csv,D,2250,2550
2695,D/d (36).csv,D,2400,2700
2696,D/d (36).csv,D,2550,2850
2697,D/d (36).csv,D,2700,3000
2698,D/d (37).csv,D,0,300
2699,D/d (37).csv,D,150,450
2700,D/d (37).csv,D,300,600
2701,D/d (37).csv,D,450,750
2702,D/d (37).csv,D,600,900
2703,D/d (37).csv,D,750,1050
2704,D/d (37).csv,D,900,1200
2705,D/d (37).csv,D,1050,1350
2706,D/d (37).csv,D,1200,1500
2707,D/d (37).csv,D,1350,1650
2708,D/d (37).csv,D,1500,1800
2709,D/d (37).csv,D,1650,1950
2710,D/d (37).csv,D,1800,2100
2711,D/d (37).csv,D,1950,2250
2712,D/d (37).csv,D,2100,2400
2713,D/d (37).csv,D,2250,2550
2714,D/d (37).csv,D,2400,2700
2715,D/d (37).csv,D,2550,2850
2716,D/d (37).csv,D,2700,3000
2717,D/d (38).csv,D,0,300
2718,D/d (38).csv,D,150,450
2719,D/d (38).csv,D,300,600
2720,D/d (38).csv,D,450,750
2721,D/d (38).csv,D,600,900
2722,D/d (38).csv,D,750,1050
2723,D/d (38).csv,D,900,1200
2724,D/d (38).csv,D,1050,1350
2725,D/d (38).csv,D,1200,1500
2726,D/d (38).csv,D,1350,1650
2727,D/d (38).csv,D,1500,1800
2728,D/d (38).csv,D,1650,1950
2729,D/d (38).csv,D,1800,2100
2730,D/d (38).csv,D,1950,2250
2731,D/d (38).csv,D,2100,2400
2732,D/d (38).csv,D,2250,2550
2733,D/d (38).csv,D,2400,2700
2734,D/d (38).csv,D,2550,2850
2735,D/d (38).csv,D,2700,3000
2736,D/d (39).csv,D,0,300
2737,D/d (39).csv,D,150,450
2738,D/d (39).csv,D,300,600
2739,D/d (39).csv,D,450,750
2740,D/d (39).csv,D,600,900
2741,D/d (39).csv,D,750,1050
2742,D/d (39).csv,D,900,1200
2743,D/d (39).csv,D,1050,1350
2744,D/d (39).csv,D,1200,1500
2745,D/d (39).csv,D,1350,1650
2746,D/d (39).csv,D,1500,1800
2747,D/d (39).csv,D,1650,1950
2748,D/d (39).csv,D,1800,2100
2749,D/d (39).csv,D,1950,2250
2750,D/d (39).csv,D,2100,2400
2751,D/d (39).csv,D,2250,2550
2752,D/d (39).csv,D,2400,2700
2753,D/d (39).csv,D,2550,2850
2754,D/d (39).csv,D,2700,3000
2755,D/d (41).csv,D,0,300
2756,D/d (41).csv,D,150,450
2757,D/d (41).csv,D,300,600
2758,D/d (41).csv,D,450,750
2759,D/d (41).csv,D,600,900
2760,D/d (41).csv,D,750,1050
2761,D/d (41).csv,D,900,1200
2762,D/d (41).csv,D,1050,1350
2763,D/d (41).csv,D,1200,1500
2764,D/d (41).csv,D,1350,1650
2765,D/d (41).csv,D,1500,1800
2766,D/d (41).csv,D,1650,1950
2767,D/d (41).csv,D,1800,2100
2768,D/d (41).csv,D,1950,2250
2769,D/d (41).csv,D,2100,2400
2770,D/d (41).csv,D,2250,2550
2771,D/d (41).csv,D,2400,2700
2772,D/d (41).csv,D,2550,2850
2773,D/d (41).csv,D,2700,3000
2774,D/d (42).csv,D,0,300
2775,D/d (42).csv,D,150,450
2776,D/d (42).csv,D,300,600
2777,D/d (42).csv,D,450,750
2778,D/d (42).csv,D,600,900
2779,D/d (42).csv,D,750,1050
2780,D/d (42).csv,D,900,1200
2781,D/d (42).csv,D,1050,1350
2782,D/d (42).csv,D,1200,1500
2783,D/d (42).csv,D,1350,1650
2784,D/d (42).csv,D,1500,1800
2785,D/d (42).csv,D,1650,1950
2786,D/d (42).csv,D,1800,2100
2787,D/d (42).csv,D,1950,2250
2788,D/d (42).csv,D,2100,2400
2789,D/d (42).csv,D,2250,2550
2790,D/d (42).csv,D,2400,2700
2791,D/d (42).csv,D,2550,2850
2792,D/d (42).csv,D,2700,3000
2793,D/d (43).csv,D,0,300
2794,D/d (43).csv,D,150,450
2795,D/d (43).csv,D,300,600
2796,D/d (43).csv,D,450,750
2797,D/d (43).csv,D,600,900
2798,D/d (43).csv,D,750,1050
2799,D/d (43).csv,D,900,1200
2800,D/d (43).csv,D,1050,1350
2801,D/d (43).csv,D,1200,1500
2802,D/d (43).csv,D,1350,1650
2803,D/d (43).csv,D,1500,1800
2804,D/d (43).csv,D,1650,1950
2805,D/d (43).csv,D,1800,2100
2806,D/d (43).csv,D,1950,2250
2807,D/d (43).csv,D,2100,2400
2808,D/d (43).csv,D,2250,2550
2809,D/d (43).csv,D,2400,2700
2810,D/d (43).csv,D,2550,2850
2811,D/d (43).csv,D,2700,3000
2812,D/d (44).csv,D,0,300
2813,D/d (44).csv,D,150,450
2814,D/d (44).csv,D,300,600
2815,D/d (44).csv,D,450,750
2816,D/d (44).csv,D,600,900
2817,D/d (44).csv,D,750,1050
2818,D/d (44).csv,D,900,1200
2819,D/d (44).csv,D,1050,1350
2820,D/d (44).csv,D,1200,1500
2821,D/d (44).csv,D,1350,1650
2822,D/d (44).csv,D,1500,1800
2823,D/d (44).csv,D,1650,1950
2824,D/d (44).csv,D,1800,2100
2825,D/d (44).csv,D,1950,2250
2826,D/d (44).csv,D,2100,2400
2827,D/d (44).csv,D,2250,2550
2828,D/d (44).csv,D,2400,2700
2829,D/d (44).csv,D,2550,2850
2830,D/d (44).csv,D,2700,3000
2831,D/d (45).csv,D,0,300
2832,D/d (45).csv,D,150,450
2833,D/d (45).csv,D,300,600
2834,D/d (45).csv,D,450,750
2835,D/d (45).csv,D,600,900
2836,D/d (45).csv,D,750,1050
2837,D/d (45).csv,D,900,1200
2838,D/d (45).csv,D,1050,1350
2839,D/d (45).csv,D,1200,1500
2840,D/d (45).csv,D,1350,1650
2841,D/d (45).csv,D,1500,1800
2842,D/d (45).csv,D,1650,1950
2843,D/d (45).csv,D,1800,2100
2844,D/d (45).csv,D,1950,2250
2845,D/d (45).csv,D,2100,2400
2846,D/d (45).csv,D,2250,2550
2847,D/d (45).csv,D,2400,2700
2848,D/d (45).csv,D,2550,2850
2849,D/d (45).csv,D,2700,3000
2850,D/d (46).csv,D,0,300
2851,D/d (46).csv,D,150,450
2852,D/d (46).csv,D,300,600
2853,D/d (46).csv,D,450,750
2854,D/d (46).csv,D,600,900
2855,D/d (46).csv,D,750,1050
2856,D/d (46).csv,D,900,1200
2857,D/d (46).csv,D,1050,1350
2858,D/d (46).csv,D,1200,1500
2859,D/d (46).csv,D,1350,1650
2860,D/d (46).csv,D,1500,1800
2861,D/d (46).csv,D,1650,1950
2862,D/d (46).csv,D,1800,2100
2863,D/d (46).csv,D,1950,2250
2864,D/d (46).csv,D,2100,2400
2865,D/d (46).csv,D,2250,2550
2866,D/d (46).csv,D,2400,2700
2867,D/d (46).csv,D,2550,2850
2868,D/d (46).csv,D,2700,3000
2869,D/d (47).csv,D,0,300
2870,D/d (47).csv,D,150,450
2871,D/d (47).csv,D,300,600
2872,D/d (47).csv,D,450,750
2873,D/d (47).csv,D,600,900
2874,D/d (47).csv,D,750,1050
2875,D/d (47).csv,D,900,1200
2876,D/d (47).csv,D,1050,1350
2877,D/d (47).csv,D,1200,1500
2878,D/d (47).csv,D,1350,1650
2879,D/d (47).csv,D,1500,1800
2880,D/d (47).csv,D,1650,1950
2881,D/d (47).csv,D,1800,2100
2882,D/d (47).csv,D,1950,2250
2883,D/d (47).csv,D,2100,2400
2884,D/d (47).csv,D,2250,2550
2885,D/d (47).csv,D,2400,2700
2886,D/d (47).csv,D,2550,2850
2887,D/d (47).csv,D,2700,3000
2888,D/d (48).csv,D,0,300
2889,D/d (48).csv,D,150,450
2890,D/d (48).csv,D,300,600
2891,D/d (48).csv,D,450,750
2892,D/d (48).csv,D,600,900
2893,D/d (48).csv,D,750,1050
2894,D/d (48).csv,D,900,1200
2895,D/d (48).csv,D,1050,1350
2896,D/d (48).csv,D,1200,1500
2897,D/d (48).csv,D,1350,1650
2898,D/d (48).csv,D,1500,1800
2899,D/d (48).csv,D,1650,1950
2900,D/d (48).csv,D,1800,2100
2901,D/d (48).csv,D,1950,2250
2902,D/d (48).csv,D,2100,2400
2903,D/d (48).csv,D,2250,2550
2904,D/d (48).csv,D,2400,2700
2905,D/d (48).csv,D,2550,2850
2906,D/d (48).csv,D,2700,3000
2907,D/d (49).csv,D,0,300
2908,D/d (49).csv,D,150,450
2909,D/d (49).csv,D,300,600
2910,D/d (49).csv,D,450,750
2911,D/d (49).csv,D,600,900
2912,D/d (49).csv,D,750,1050
2913,D/d (49).csv,D,900,1200
2914,D/d (49).csv,D,1050,1350
2915,D/d (49).csv,D,1200,1500
2916,D/d (49).csv,D,1350,1650
2917,D/d (49).csv,D,1500,1800
2918,D/d (49).csv,D,1650,1950
2919,D/d (49).csv,D,1800,2100
2920,D/d (49).csv,D,1950,2250
2921,D/d (49).csv,D,2100,2400
2922,D/d (49).csv,D,2250,2550
2923,D/d (49).csv,D,2400,2700
2924,D/d (49).csv,D,2550,2850
2925,D/d (49).csv,D,2700,3000
2926,D/d (5).csv,D,0,300
2927,D/d (5).csv,D,150,450
2928,D/d (5).csv,D,300,600
2929,D/d (5).csv,D,450,750
2930,D/d (5).csv,D,600,900
2931,D/d (5).csv,D,750,1050
2932,D/d (5).csv,D,900,1200
2933,D/d (5).csv,D,1050,1350
2934,D/d (5).csv,D,1200,1500
2935,D/d (5).csv,D,1350,1650
2936,D/d (5).csv,D,1500,1800
2937,D/d (5).csv,D,1650,1950
2938,D/d (5).csv,D,1800,2100
2939,D/d (5).csv,D,1950,2250
2940,D/d (5).csv,D,2100,2400
2941,D/d (5).csv,D,2250,2550
2942,D/d (5).csv,D,2400,2700
2943,D/d (5).csv,D,2550,2850
2944,D/d (5).csv,D,2700,3000
2945,D/d (50).csv,D,0,300
2946,D/d (50).csv,D,150,450
2947,D/d (50).csv,D,300,600
2948,D/d (50).csv,D,450,750
2949,D/d (50).csv,D,600,900
2950,D/d (50).csv,D,750,1050
2951,D/d (50).csv,D,900,1200
2952,D/d (50).csv,D,1050,1350
2953,D/d (50).csv,D,1200,1500
2954,D/d (50).csv,D,1350,1650
2955,D/d (50).csv,D,1500,1800
2956,D/d (50).csv,D,1650,1950
2957,D/d (50).csv,D,1800,2100
2958,D/d (50).csv,D,1950,2250
2959,D/d (50).csv,D,2100,2400
2960,D/d (50).csv,D,2250,2550
2961,D/d (50).csv,D,2400,2700
2962,D/d (50).csv,D,2550,2850
2963,D/d (50).csv,D,2700,3000
2964,D/d (6).csv,D,0,300
2965,D/d (6).csv,D,150,450
2966,D/d (6).csv,D,300,600
2967,D/d (6).csv,D,450,750
2968,D/d (6).csv,D,600,900
2969,D/d (6).csv,D,750,1050
2970,D/d (6).csv,D,900,1200
2971,D/d (6).csv,D,1050,1350
2972,D/d (6).csv,D,1200,1500
2973,D/d (6).csv,D,1350,1650
2974,D/d (6).csv,D,1500,1800
2975,D/d (6).csv,D,1650,1950
2976,D/d (6).csv,D,1800,2100
2977,D/d (6).csv,D,1950,2250
2978,D/d (6).csv,D,2100,2400
2979,D/d (6).csv,D,2250,2550
2980,D/d (6).csv,D,2400,2700
2981,D/d (6).csv,D,2550,2850
2982,D/d (6).csv,D,2700,3000
2983,D/d (7).csv,D,0,300
2984,D/d (7).csv,D,150,450
2985,D/d (7).csv,D,300,600
2986,D/d (7).csv,D,450,750
2987,D/d (7).csv,D,600,900
2988,D/d (7).csv,D,750,1050
2989,D/d (7).csv,D,900,1200
2990,D/d (7).csv,D,1050,1350
2991,D/d (7).csv,D,1200,1500
2992,D/d (7).csv,D,1350,1650
2993,D/d (7).csv,D,1500,1800
2994,D/d (7).csv,D,1650,1950
2995,D/d (7).csv,D,1800,2100
2996,D/d (7).csv,D,1950,2250
2997,D/d (7).csv,D,2100,2400
2998,D/d (7).csv,D,2250,2550
2999,D/d (7).csv,D,2400,2700
3000,D/d (7).csv,D,2550,2850
3001,D/d (7).csv,D,2700,3000
3002,D/d (8).csv,D,0,300
3003,D/d (8).csv,D,150,450
3004,D/d (8).csv,D,300,600
3005,D/d (8).csv,D,450,750
3006,D/d (8).csv,D,600,900
3007,D/d (8).csv,D,750,1050
3008,D/d (8).csv,D,900,1200
3009,D/d (8).csv,D,1050,1350
3010,D/d (8).csv,D,1200,1500
3011,D/d (8).csv,D,1350,1650
3012,D/d (8).csv,D,1500,1800
3013,D/d (8).csv,D,1650,1950
3014,D/d (8).csv,D,1800,2100
3015,D/d (8).csv,D,1950,2250
3016,D/d (8).csv,D,2100,2400
3017,D/d (8).csv,D,2250,2550
3018,D/d (8).csv,D,2400,2700
3019,D/d (8).csv,D,2550,2850
3020,D/d (8).csv,D,2700,3000
3021,D/d (9).csv,D,0,300
3022,D/d (9).csv,D,150,450
3023,D/d (9).csv,D,300,600
3024,D/d (9).csv,D,450,750
3025,D/d (9).csv,D,600,900
3026,D/d (9).csv,D,750,1050
3027,D/d (9).csv,D,900,1200
3028,D/d (9).csv,D,1050,1350
3029,D/d (9).csv,D,1200,1500
3030,D/d (9).csv,D,1350,1650
3031,D/d (9).csv,D,1500,1800
3032,D/d (9).csv,D,1650,1950
3033,D/d (9).csv,D,1800,2100
3034,D/d (9).csv,D,1950,2250
3035,D/d (9).csv,D,2100,2400
3036,D/d (9).csv,D,2250,2550
3037,D/d (9).csv,D,2400,2700
3038,D/d (9).csv,D,2550,2850
3039,D/d (9).csv,D,2700,3000
3040,E/e (1).csv,E,0,300
3041,E/e (1).csv,E,150,450
3042,E/e (1).csv,E,300,600
3043,E/e (1).csv,E,450,750
3044,E/e (1).csv,E,600,900
3045,E/e (1).csv,E,750,1050
3046,E/e (1).csv,E,900,1200
3047,E/e (1).csv,E,1050,1350
3048,E/e (1).csv,E,1200,1500
3049,E/e (1).csv,E,1350,1650
3050,E/e (1).csv,E,1500,1800
3051,E/e (1).csv,E,1650,1950
3052,E/e (1).csv,E,1800,2100
3053,E/e (1).csv,E,1950,2250
3054,E/e (1).csv,E,2100,2400
3055,E/e (1).csv,E,2250,2550
3056,E/e (1).csv,E,2400,2700
3057,E/e (1).csv,E,2550,2850
3058,E/e (1).csv,E,2700,3000
3059,E/e (12).csv,E,0,300
3060,E/e (12).csv,E,150,450
3061,E/e (12).csv,E,300,600
3062,E/e (12).csv,E,450,750
3063,E/e (12).csv,E,600,900
3064,E/e (12).csv,E,750,1050
3065,E/e (12).csv,E,900,1200
3066,E/e (12).csv,E,1050,1350
3067,E/e (12).csv,E,1200,1500
3068,E/e (12).csv,E,1350,1650
3069,E/e (12).csv,E,1500,1800
3070,E/e (12).csv,E,1650,1950
3071,E/e (12).csv,E,1800,2100
3072,E/e (12).csv,E,1950,2250
3073,E/e (12).csv,E,2100,2400
3074,E/e (12).csv,E,2250,2550
3075,E/e (12).csv,E,2400,2700
3076,E/e (12).csv,E,2550,2850
3077,E/e (12).csv,E,2700,3000
3078,E/e (13).csv,E,0,300
3079,E/e (13).csv,E,150,450
3080,E/e (13).csv,E,300,600
3081,E/e (13).csv,E,450,750
3082,E/e (13).csv,E,600,900
3083,E/e (13).csv,E,750,1050
3084,E/e (13).csv,E,900,1200
3085,E/e (13).csv,E,1050,1350
3086,E/e (13).csv,E,1200,1500
3087,E/e (13).csv,E,1350,1650
3088,E/e (13).csv,E,1500,1800
3089,E/e (13).csv,E,1650,1950
3090,E/e (13).csv,E,1800,2100
3091,E/e (13).csv,E,1950,2250
3092,E/e (13).csv,E,2100,2400
3093,E/e (13).csv,E,2250,2550
3094,E/e (13).csv,E,2400,2700
3095,E/e (13).csv,E,2550,2850
3096,E/e (13).csv,E,2700,3000
3097,E/e (15).csv,E,0,300
3098,E/e (15).csv,E,150,450
3099,E/e (15).csv,E,300,600
3100,E/e (15).csv,E,450,750
3101,E/e (15).csv,E,600,900
3102,E/e (15).csv,E,750,1050
3103,E/e (15).csv,E,900,1200
3104,E/e (15).csv,E,1050,1350
3105,E/e (15).csv,E,1200,1500
3106,E/e (15).csv,E,1350,1650
3107,E/e (15).csv,E,1500,1800
3108,E/e (15).csv,E,1650,1950
3109,E/e (15).csv,E,1800,2100
3110,E/e (15).csv,E,1950,2250
3111,E/e (15).csv,E,2100,2400
3112,E/e (15).csv,E,2250,2550
3113,E/e (15).csv,E,2400,2700
3114,E/e (15).csv,E,2550,2850
3115,E/e (15).csv,E,2700,3000
3116,E/e (16).csv,E,0,300
3117,E/e (16).csv,E,150,450
3118,E/e (16).csv,E,300,600
3119,E/e (16).csv,E,450,750
3120,E/e (16).csv,E,600,900
3121,E/e (16).csv,E,750,1050
3122,E/e (16).csv,E,900,1200
3123,E/e (16).csv,E,1050,1350
3124,E/e (16).csv,E,1200,1500
3125,E/e (16).csv,E,1350,1650
3126,E/e (16).csv,E,1500,1800
3127,E/e (16).csv,E,1650,1950
3128,E/e (16).csv,E,1800,2100
3129,E/e (16).csv,E,1950,2250
3130,E/e (16).csv,E,2100,2400
3131,E/e (16).csv,E,2250,2550
3132,E/e (16).csv,E,2400,2700
3133,E/e (16).csv,E,2550,2850
3134,E/e (16).csv,E,2700,3000
3135,E/e (17).csv,E,0,300
3136,E/e (17).csv,E,150,450
3137,E/e (17).csv,E,300,600
3138,E/e (17).csv,E,450,750
3139,E/e (17).csv,E,600,900
3140,E/e (17).csv,E,750,1050
3141,E/e (17).csv,E,900,1200
3142,E/e (17).csv,E,1050,1350
3143,E/e (17).csv,E,1200,1500
3144,E/e (17).csv,E,1350,1650
3145,E/e (17).csv,E,1500,1800
3146,E/e (17).csv,E,1650,1950
3147,E/e (17).csv,E,1800,2100
3148,E/e (17).csv,E,1950,2250
3149,E/e (17).csv,E,2100,2400
3150,E/e (17).csv,E,2250,2550
3151,E/e (17).csv,E,2400,2700
3152,E/e (17).csv,E,2550,2850
3153,E/e (17).csv,E,2700,3000
3154,E/e (18).csv,E,0,300
3155,E/e (18).csv,E,150,450
3156,E/e (18).csv,E,300,600
3157,E/e (18).csv,E,450,750
3158,E/e (18).csv,E,600,900
3159,E/e (18).csv,E,750,1050
3160,E/e (18).csv,E,900,1200
3161,E/e (18).csv,E,1050,1350
3162,E/e (18).csv,E,1200,1500
3163,E/e (18).csv,E,1350,1650
3164,E/e (18).csv,E,1500,1800
3165,E/e (18).csv,E,1650,1950
3166,E/e (18).csv,E,1800,2100
3167,E/e (18).csv,E,1950,2250
3168,E/e (18).csv,E,2100,2400
3169,E/e (18).csv,E,2250,2550
3170,E/e (18).csv,E,2400,2700
3171,E/e (18).csv,E,2550,2850
3172,E/e (18).csv,E,2700,3000
3173,E/e (19).csv,E,0,300
3174,E/e (19).csv,E,150,450
3175,E/e (19).csv,E,300,600
3176,E/e (19).csv,E,450,750
3177,E/e (19).csv,E,600,900
3178,E/e (19).csv,E,750,1050
3179,E/e (19).csv,E,900,1200
3180,E/e (19).csv,E,1050,1350
3181,E/e (19).csv,E,1200,1500
3182,E/e (19).csv,E,1350,1650
3183,E/e (19).csv,E,1500,1800
3184,E/e (19).csv,E,1650,1950
3185,E/e (19).csv,E,1800,2100
3186,E/e (19).csv,E,1950,2250
3187,E/e (19).csv,E,2100,2400
3188,E/e (19).csv,E,2250,2550
3189,E/e (19).csv,E,2400,2700
3190,E/e (19).csv,E,2550,2850
3191,E/e (19).csv,E,2700,3000
3192,E/e (20).csv,E,0,300
3193,E/e (20).csv,E,150,450
3194,E/e (20).csv,E,300,600
3195,E/e (20).csv,E,450,750
3196,E/e (20).csv,E,600,900
3197,E/e (20).csv,E,750,1050
3198,E/e (20).csv,E,900,1200
3199,E/e (20).csv,E,1050,1350
3200,E/e (20).csv,E,1200,1500
3201,E/e (20).csv,E,1350,1650
3202,E/e (20).csv,E,1500,1800
3203,E/e (20).csv,E,1650,1950
3204,E/e (20).csv,E,1800,2100
3205,E/e (20).csv,E,1950,2250
3206,E/e (20).csv,E,2100,2400
3207,E/e (20).csv,E,2250,2550
3208,E/e (20).csv,E,2400,2700
3209,E/e (20).csv,E,2550,2850
3210,E/e (20).csv,E,2700,3000
3211,E/e (22).csv,E,0,300
3212,E/e (22).csv,E,150,450
3213,E/e (22).csv,E,300,600
3214,E/e (22).csv,E,450,750
3215,E/e (22).csv,E,600,900
3216,E/e (22).csv,E,750,1050
3217,E/e (22).csv,E,900,1200
3218,E/e (22).csv,E,1050,1350
3219,E/e (22).csv,E,1200,1500
3220,E/e (22).csv,E,1350,1650
3221,E/e (22).csv,E,1500,1800
3222,E/e (22).csv,E,1650,1950
3223,E/e (22).csv,E,1800,2100
3224,E/e (22).csv,E,1950,2250
3225,E/e (22).csv,E,2100,2400
3226,E/e (22).csv,E,2250,2550
3227,E/e (22).csv,E,2400,2700
3228,E/e (22).csv,E,2550,2850
3229,E/e (22).csv,E,2700,3000
3230,E/e (24).csv,E,0,300
3231,E/e (24).csv,E,150,450
3232,E/e (24).csv,E,300,600
3233,E/e (24).csv,E,450,750
3234,E/e (24).csv,E,600,900
3235,E/e (24).csv,E,750,1050
3236,E/e (24).csv,E,900,1200
3237,E/e (24).csv,E,1050,1350
3238,E/e (24).csv,E,1200,1500
3239,E/e (24).csv,E,1350,1650
3240,E/e (24).csv,E,1500,1800
3241,E/e (24).csv,E,1650,1950
3242,E/e (24).csv,E,1800,2100
3243,E/e (24).csv,E,1950,2250
3244,E/e (24).csv,E,2100,2400
3245,E/e (24).csv,E,2250,2550
3246,E/e (24).csv,E,2400,2700
3247,E/e (24).csv,E,2550,2850
3248,E/e (24).csv,E,2700,3000
3249,E/e (25).csv,E,0,300
3250,E/e (25).csv,E,150,450
3251,E/e (25).csv,E,300,600
3252,E/e (25).csv,E,450,750
3253,E/e (25).csv,E,600,900
3254,E/e (25).csv,E,750,1050
3255,E/e (25).csv,E,900,1200
3256,E/e (25).csv,E,1050,1350
3257,E/e (25).csv,E,1200,1500
3258,E/e (25).csv,E,1350,1650
3259,E/e (25).csv,E,1500,1800
3260,E/e (25).csv,E,1650,1950
3261,E/e (25).csv,E,1800,2100
3262,E/e (25).csv,E,1950,2250
3263,E/e (25).csv,E,2100,2400
3264,E/e (25).csv,E,2250,2550
3265,E/e (25).csv,E,2400,2700
3266,E/e (25).csv,E,2550,2850
3267,E/e (25).csv,E,2700,3000
3268,E/e (27).csv,E,0,300
3269,E/e (27).csv,E,150,450
3270,E/e (27).csv,E,300,600
3271,E/e (27).csv,E,450,750
3272,E/e (27).csv,E,600,900
3273,E/e (27).csv,E,750,1050
3274,E/e (27).csv,E,900,1200
3275,E/e (27).csv,E,1050,1350
3276,E/e (27).csv,E,1200,1500
3277,E/e (27).csv,E,1350,1650
3278,E/e (27).csv,E,1500,1800
3279,E/e (27).csv,E,1650,1950
3280,E/e (27).csv,E,1800,2100
3281,E/e (27).csv,E,1950,2250
3282,E/e (27).csv,E,2100,2400
3283,E/e (27).csv,E,2250,2550
3284,E/e (27).csv,E,2400,2700
3285,E/e (27).csv,E,2550,2850
3286,E/e (27).csv,E,2700,3000
3287,E/e (28).csv,E,0,300
3288,E/e (28).csv,E,150,450
3289,E/e (28).csv,E,300,600
3290,E/e (28).csv,E,450,750
3291,E/e (28).csv,E,600,900
3292,E/e (28).csv,E,750,1050
3293,E/e (28).csv,E,900,1200
3294,E/e (28).csv,E,1050,1350
3295,E/e (28).csv,E,1200,1500
3296,E/e (28).csv,E,1350,1650
3297,E/e (28).csv,E,1500,1800
3298,E/e (28).csv,E,1650,1950
3299,E/e (28).csv,E,1800,2100
3300,E/e (28).csv,E,1950,2250
3301,E/e (28).csv,E,2100,2400
3302,E/e (28).csv,E,2250,2550
3303,E/e (28).csv,E,2400,2700
3304,E/e (28).csv,E,2550,2850
3305,E/e (28).csv,E,2700,3000
3306,E/e (29).csv,E,0,300
3307,E/e (29).csv,E,150,450
3308,E/e (29).csv,E,300,600
3309,E/e (29).csv,E,450,750
3310,E/e (29).csv,E,600,900
3311,E/e (29).csv,E,750,1050
3312,E/e (29).csv,E,900,1200
3313,E/e (29).csv,E,1050,1350
3314,E/e (29).csv,E,1200,1500
3315,E/e (29).csv,E,1350,1650
3316,E/e (29).csv,E,1500,1800
3317,E/e (29).csv,E,1650,1950
3318,E/e (29).csv,E,1800,2100
3319,E/e (29).csv,E,1950,2250
3320,E/e (29).csv,E,2100,2400
3321,E/e (29).csv,E,2250,2550
3322,E/e (29).csv,E,2400,2700
3323,E/e (29).csv,E,2550,2850
3324,E/e (29).csv,E,2700,3000
3325,E/e (3).csv,E,0,300
3326,E/e (3).csv,E,150,450
3327,E/e (3).csv,E,300,600
3328,E/e (3).csv,E,450,750
3329,E/e (3).csv,E,600,900
3330,E/e (3).csv,E,750,1050
3331,E/e (3).csv,E,900,1200
3332,E/e (3).csv,E,1050,1350
3333,E/e (3).csv,E,1200,1500
3334,E/e (3).csv,E,1350,1650
3335,E/e (3).csv,E,1500,1800
3336,E/e (3).csv,E,1650,1950
3337,E/e (3).csv,E,1800,2100
3338,E/e (3).csv,E,1950,2250
3339,E/e (3).csv,E,2100,2400
3340,E/e (3).csv,E,2250,2550
3341,E/e (3).csv,E,2400,2700
3342,E/e (3).csv,E,2550,2850
3343,E/e (3).csv,E,2700,3000
3344,E/e (30).csv,E,0,300
3345,E/e (30).csv,E,150,450
3346,E/e (30).csv,E,300,600
3347,E/e (30).csv,E,450,750
3348,E/e (30).csv,E,600,900
3349,E/e (30).csv,E,750,1050
3350,E/e (30).csv,E,900,1200
3351,E/e (30).csv,E,1050,1350
3352,E/e (30).csv,E,1200,1500
3353,E/e (30).csv,E,1350,1650
3354,E/e (30).csv,E,1500,1800
3355,E/e (30).csv,E,1650,1950
3356,E/e (30).csv,E,1800,2100
3357,E/e (30).csv,E,1950,2250
3358,E/e (30).csv,E,2100,2400
3359,E/e (30).csv,E,2250,2550
3360,E/e (30).csv,E,2400,2700
3361,E/e (30).csv,E,2550,2850
3362,E/e (30).csv,E,2700,3000
3363,E/e (31).csv,E,0,300
3364,E/e (31).csv,E,150,450
3365,E/e (31).csv,E,300,600
3366,E/e (31).csv,E,450,750
3367,E/e (31).csv,E,600,900
3368,E/e (31).csv,E,750,1050
3369,E/e (31).csv,E,900,1200
3370,E/e (31).csv,E,1050,1350
3371,E/e (31).csv,E,1200,1500
3372,E/e (31).csv,E,1350,1650
3373,E/e (31).csv,E,1500,1800
3374,E/e (31).csv,E,1650,1950
3375,E/e (31).csv,E,1800,2100
3376,E/e (31).csv,E,1950,2250
3377,E/e (31).csv,E,2100,2400
3378,E/e (31).csv,E,2250,2550
3379,E/e (31).csv,E,2400,2700
3380,E/e (31).csv,E,2550,2850
3381,E/e (31).csv,E,2700,3000
3382,E/e (32).csv,E,0,300
3383,E/e (32).csv,E,150,450
3384,E/e (32).csv,E,300,600
3385,E/e (32).csv,E,450,750
3386,E/e (32).csv,E,600,900
3387,E/e (32).csv,E,750,1050
3388,E/e (32).csv,E,900,1200
3389,E/e (32).csv,E,1050,1350
3390,E/e (32).csv,E,1200,1500
3391,E/e (32).csv,E,1350,1650
3392,E/e (32).csv,E,1500,1800
3393,E/e (32).csv,E,1650,1950
3394,E/e (32).csv,E,1800,2100
3395,E/e (32).csv,E,1950,2250
3396,E/e (32).csv,E,2100,2400
3397,E/e (32).csv,E,2250,2550
3398,E/e (32).csv,E,2400,2700
3399,E/e (32).csv,E,2550,2850
3400,E/e (32).csv,E,2700,3000
3401,E/e (33).csv,E,0,300
3402,E/e (33).csv,E,150,450
3403,E/e (33).csv,E,300,600
3404,E/e (33).csv,E,450,750
3405,E/e (33).csv,E,600,900
3406,E/e (33).csv,E,750,1050
3407,E/e (33).csv,E,900,1200
3408,E/e (33).csv,E,1050,1350
3409,E/e (33).csv,E,1200,1500
3410,E/e (33).csv,E,1350,1650
3411,E/e (33).csv,E,1500,1800
3412,E/e (33).csv,E,1650,1950
3413,E/e (33).csv,E,1800,2100
3414,E/e (33).csv,E,1950,2250
3415,E/e (33).csv,E,2100,2400
3416,E/e (33).csv,E,2250,2550
3417,E/e (33).csv,E,2400,2700
3418,E/e (33).csv,E,2550,2850
3419,E/e (33).csv,E,2700,3000
3420,E/e (34).csv,E,0,300
3421,E/e (34).csv,E,150,450
3422,E/e (34).csv,E,300,600
3423,E/e (34).csv,E,450,750
3424,E/e (34).csv,E,600,900
3425,E/e (34).csv,E,750,1050
3426,E/e (34).csv,E,900,1200
3427,E/e (34).csv,E,1050,1350
3428,E/e (34).csv,E,1200,1500
3429,E/e (34).csv,E,1350,1650
3430,E/e (34).csv,E,1500,1800
3431,E/e (34).csv,E,1650,1950
3432,E/e (34).csv,E,1800,2100
3433,E/e (34).csv,E,1950,2250
3434,E/e (34).csv,E,2100,2400
3435,E/e (34).csv,E,2250,2550
3436,E/e (34).csv,E,2400,2700
3437,E/e (34).csv,E,2550,2850
3438,E/e (34).csv,E,2700,3000
3439,E/e (35).csv,E,0,300
3440,E/e (35).csv,E,150,450
3441,E/e (35).csv,E,300,600
3442,E/e (35).csv,E,450,750
3443,E/e (35).csv,E,600,900
3444,E/e (35).csv,E,750,1050
3445,E/e (35).csv,E,900,1200
3446,E/e (35).csv,E,1050,1350
3447,E/e (35).csv,E,1200,1500
3448,E/e (35).csv,E,1350,1650
3449,E/e (35).csv,E,1500,1800
3450,E/e (35).csv,E,1650,1950
3451,E/e (35).csv,E,1800,2100
3452,E/e (35).csv,E,1950,2250
3453,E/e (35).csv,E,2100,2400
3454,E/e (35).csv,E,2250,2550
3455,E/e (35).csv,E,2400,2700
3456,E/e (35).csv,E,2550,2850
3457,E/e (35).csv,E,2700,3000
3458,E/e (37).csv,E,0,300
3459,E/e (37).csv,E,150,450
3460,E/e (37).csv,E,300,600
3461,E/e (37).csv,E,450,750
3462,E/e (37).csv,E,600,900
3463,E/e (37).csv,E,750,1050
3464,E/e (37).csv,E,900,1200
3465,E/e (37).csv,E,1050,1350
3466,E/e (37).csv,E,1200,1500
3467,E/e (37).csv,E,1350,1650
3468,E/e (37).csv,E,1500,1800
3469,E/e (37).csv,E,1650,1950
3470,E/e (37).csv,E,1800,2100
3471,E/e (37).csv,E,1950,2250
3472,E/e (37).csv,E,2100,2400
3473,E/e (37).csv,E,2250,2550
3474,E/e (37).csv,E,2400,2700
3475,E/e (37).csv,E,2550,2850
3476,E/e (37).csv,E,2700,3000
3477,E/e (38).csv,E,0,300
3478,E/e (38).csv,E,150,450
3479,E/e (38).csv,E,300,600
3480,E/e (38).csv,E,450,750
3481,E/e (38).csv,E,600,900
3482,E/e (38).csv,E,750,1050
3483,E/e (38).csv,E,900,1200
3484,E/e (38).csv,E,1050,1350
3485,E/e (38).csv,E,1200,1500
3486,E/e (38).csv,E,1350,1650
3487,E/e (38).csv,E,1500,1800
3488,E/e (38).csv,E,1650,1950
3489,E/e (38).csv,E,1800,2100
3490,E/e (38).csv,E,1950,2250
3491,E/e (38).csv,E,2100,2400
3492,E/e (38).csv,E,2250,2550
3493,E/e (38).csv,E,2400,2700
3494,E/e (38).csv,E,2550,2850
3495,E/e (38).csv,E,2700,3000
3496,E/e (39).csv,E,0,300
3497,E/e (39).csv,E,150,450
3498,E/e (39).csv,E,300,600
3499,E/e (39).csv,E,450,750
3500,E/e (39).csv,E,600,900
3501,E/e (39).csv,E,750,1050
3502,E/e (39).csv,E,900,1200
3503,E/e (39).csv,E,1050,1350
3504,E/e (39).csv,E,1200,1500
3505,E/e (39).csv,E,1350,1650
3506,E/e (39).csv,E,1500,1800
3507,E/e (39).csv,E,1650,1950
3508,E/e (39).csv,E,1800,2100
3509,E/e (39).csv,E,1950,2250
3510,E/e (39).csv,E,2100,2400
3511,E/e (39).csv,E,2250,2550
3512,E/e (39).csv,E,2400,2700
3513,E/e (39).csv,E,2550,2850
3514,E/e (39).csv,E,2700,3000
3515,E/e (4).csv,E,0,300
3516,E/e (4).csv,E,150,450
3517,E/e (4).csv,E,300,600
3518,E/e (4).csv,E,450,750
3519,E/e (4).csv,E,600,900
3520,E/e (4).csv,E,750,1050
3521,E/e (4).csv,E,900,1200
3522,E/e (4).csv,E,1050,1350
3523,E/e (4).csv,E,1200,1500
3524,E/e (4).csv,E,1350,1650
3525,E/e (4).csv,E,1500,1800
3526,E/e (4).csv,E,1650,1950
3527,E/e (4).csv,E,1800,2100
3528,E/e (4).csv,E,1950,2250
3529,E/e (4).csv,E,2100,2400
3530,E/e (4).csv,E,2250,2550
3531,E/e (4).csv,E,2400,2700
3532,E/e (4).csv,E,2550,2850
3533,E/e (4).csv,E,2700,3000
3534,E/e (40).csv,E,0,300
3535,E/e (40).csv,E,150,450
3536,E/e (40).csv,E,300,600
3537,E/e (40).csv,E,450,750
3538,E/e (40).csv,E,600,900
3539,E/e (40).csv,E,750,1050
3540,E/e (40).csv,E,900,1200
3541,E/e (40).csv,E,1050,1350
3542,E/e (40).csv,E,1200,1500
3543,E/e (40).csv,E,1350,1650
3544,E/e (40).csv,E,1500,1800
3545,E/e (40).csv,E,1650,1950
3546,E/e (40).csv,E,1800,2100
3547,E/e (40).csv,E,1950,2250
3548,E/e (40).csv,E,2100,2400
3549,E/e (40).csv,E,2250,2550
3550,E/e (40).csv,E,2400,2700
3551,E/e (40).csv,E,2550,2850
3552,E/e (40).csv,E,2700,3000
3553,E/e (41).csv,E,0,300
3554,E/e (41).csv,E,150,450
3555,E/e (41).csv,E,300,600
3556,E/e (41).csv,E,450,750
3557,E/e (41).csv,E,600,900
3558,E/e (41).csv,E,750,1050
3559,E/e (41).csv,E,900,1200
3560,E/e (41).csv,E,1050,1350
3561,E/e (41).csv,E,1200,1500
3562,E/e (41).csv,E,1350,1650
3563,E/e (41).csv,E,1500,1800
3564,E/e (41).csv,E,1650,1950
3565,E/e (41).csv,E,1800,2100
3566,E/e (41).csv,E,1950,2250
3567,E/e (41).csv,E,2100,2400
3568,E/e (41).csv,E,2250,2550
3569,E/e (41).csv,E,2400,2700
3570,E/e (41).csv,E,2550,2850
3571,E/e (41).csv,E,2700,3000
3572,E/e (42).csv,E,0,300
3573,E/e (42).csv,E,150,450
3574,E/e (42).csv,E,300,600
3575,E/e (42).csv,E,450,750
3576,E/e (42).csv,E,600,900
3577,E/e (42).csv,E,750,1050
3578,E/e (42).csv,E,900,1200
3579,E/e (42).csv,E,1050,1350
3580,E/e (42).csv,E,1200,1500
3581,E/e (42).csv,E,1350,1650
3582,E/e (42).csv,E,1500,1800
3583,E/e (42).csv,E,1650,1950
3584,E/e (42).csv,E,1800,2100
3585,E/e (42).csv,E,1950,2250
3586,E/e (42).csv,E,2100,2400
3587,E/e (42).csv,E,2250,2550
3588,E/e (42).csv,E,2400,2700
3589,E/e (42).csv,E,2550,2850
3590,E/e (42).csv,E,2700,3000
3591,E/e (44).csv,E,0,300
3592,E/e (44).csv,E,150,450
3593,E/e (44).csv,E,300,600
3594,E/e (44).csv,E,450,750
3595,E/e (44).csv,E,600,900
3596,E/e (44).csv,E,750,1050
3597,E/e (44).csv,E,900,1200
3598,E/e (44).csv,E,1050,1350
3599,E/e (44).csv,E,1200,1500
3600,E/e (44).csv,E,1350,1650
3601,E/e (44).csv,E,1500,1800
3602,E/e (44).csv,E,1650,1950
3603,E/e (44).csv,E,1800,2100
3604,E/e (44).csv,E,1950,2250
3605,E/e (44).csv,E,2100,2400
3606,E/e (44).csv,E,2250,2550
3607,E/e (44).csv,E,2400,2700
3608,E/e (44).csv,E,2550,2850
3609,E/e (44).csv,E,2700,3000
3610,E/e (45).csv,E,0,300
3611,E/e (45).csv,E,150,450
3612,E/e (45).csv,E,300,600
3613,E/e (45).csv,E,450,750
3614,E/e (45).csv,E,600,900
3615,E/e (45).csv,E,750,1050
3616,E/e (45).csv,E,900,1200
3617,E/e (45).csv,E,1050,1350
3618,E/e (45).csv,E,1200,1500
3619,E/e (45).csv,E,1350,1650
3620,E/e (45).csv,E,1500,1800
3621,E/e (45).csv,E,1650,1950
3622,E/e (45).csv,E,1800,2100
3623,E/e (45).csv,E,1950,2250
3624,E/e (45).csv,E,2100,2400
3625,E/e (45).csv,E,2250,2550
3626,E/e (45).csv,E,2400,2700
3627,E/e (45).csv,E,2550,2850
3628,E/e (45).csv,E,2700,3000
3629,E/e (46).csv,E,0,300
3630,E/e (46).csv,E,150,450
3631,E/e (46).csv,E,300,600
3632,E/e (46).csv,E,450,750
3633,E/e (46).csv,E,600,900
3634,E/e (46).csv,E,750,1050
3635,E/e (46).csv,E,900,1200
3636,E/e (46).csv,E,1050,1350
3637,E/e (46).csv,E,1200,1500
3638,E/e (46).csv,E,1350,1650
3639,E/e (46).csv,E,1500,1800
3640,E/e (46).csv,E,1650,1950
3641,E/e (46).csv,E,1800,2100
3642,E/e (46).csv,E,1950,2250
3643,E/e (46).csv,E,2100,2400
3644,E/e (46).csv,E,2250,2550
3645,E/e (46).csv,E,2400,2700
3646,E/e (46).csv,E,2550,2850
3647,E/e (46).csv,E,2700,3000
3648,E/e (47).csv,E,0,300
3649,E/e (47).csv,E,150,450
3650,E/e (47).csv,E,300,600
3651,E/e (47).csv,E,450,750
3652,E/e (47).csv,E,600,900
3653,E/e (47).csv,E,750,1050
3654,E/e (47).csv,E,900,1200
3655,E/e (47).csv,E,1050,1350
3656,E/e (47).csv,E,1200,1500
3657,E/e (47).csv,E,1350,1650
3658,E/e (47).csv,E,1500,1800
3659,E/e (47).csv,E,1650,1950
3660,E/e (47).csv,E,1800,2100
3661,E/e (47).csv,E,1950,2250
3662,E/e (47).csv,E,2100,2400
3663,E/e (47).csv,E,2250,2550
3664,E/e (47).csv,E,2400,2700
3665,E/e (47).csv,E,2550,2850
3666,E/e (47).csv,E,2700,3000
3667,E/e (48).csv,E,0,300
3668,E/e (48).csv,E,150,450
3669,E/e (48).csv,E,300,600
3670,E/e (48).csv,E,450,750
3671,E/e (48).csv,E,600,900
3672,E/e (48).csv,E,750,1050
3673,E/e (48).csv,E,900,1200
3674,E/e (48).csv,E,1050,1350
3675,E/e (48).csv,E,1200,1500
3676,E/e (48).csv,E,1350,1650
3677,E/e (48).csv,E,1500,1800
3678,E/e (48).csv,E,1650,1950
3679,E/e (48).csv,E,1800,2100
3680,E/e (48).csv,E,1950,2250
3681,E/e (48).csv,E,2100,2400
3682,E/e (48).csv,E,2250,2550
3683,E/e (48).csv,E,2400,2700
3684,E/e (48).csv,E,2550,2850
3685,E/e (48).csv,E,2700,3000
3686,E/e (49).csv,E,0,300
3687,E/e (49).csv,E,150,450
3688,E/e (49).csv,E,300,600
3689,E/e (49).csv,E,450,750
3690,E/e (49).csv,E,600,900
3691,E/e (49).csv,E,750,1050
3692,E/e (49).csv,E,900,1200
3693,E/e (49).csv,E,1050,1350
3694,E/e (49).csv,E,1200,1500
3695,E/e (49).csv,E,1350,1650
3696,E/e (49).csv,E,1500,1800
3697,E/e (49).csv,E,1650,1950
3698,E/e (49).csv,E,1800,2100
3699,E/e (49).csv,E,1950,2250
3700,E/e (49).csv,E,2100,2400
3701,E/e (49).csv,E,2250,2550
3702,E/e (49).csv,E,2400,2700
3703,E/e (49).csv,E,2550,2850
3704,E/e (49).csv,E,2700,3000
3705,E/e (5).csv,E,0,300
3706,E/e (5).csv,E,150,450
3707,E/e (5).csv,E,300,600
3708,E/e (5).csv,E,450,750
3709,E/e (5).csv,E,600,900
3710,E/e (5).csv,E,750,1050
3711,E/e (5).csv,E,900,1200
3712,E/e (5).csv,E,1050,1350
3713,E/e (5).csv,E,1200,1500
3714,E/e (5).csv,E,1350,1650
3715,E/e (5).csv,E,1500,1800
3716,E/e (5).csv,E,1650,1950
3717,E/e (5).csv,E,1800,2100
3718,E/e (5).csv,E,1950,2250
3719,E/e (5).csv,E,2100,2400
3720,E/e (5).csv,E,2250,2550
3721,E/e (5).csv,E,2400,2700
3722,E/e (5).csv,E,2550,2850
3723,E/e (5).csv,E,2700,3000
3724,E/e (50).csv,E,0,300
3725,E/e (50).csv,E,150,450
3726,E/e (50).csv,E,300,600
3727,E/e (50).csv,E,450,750
3728,E/e (50).csv,E,600,900
3729,E/e (50).csv,E,750,1050
3730,E/e (50).csv,E,900,1200
3731,E/e (50).csv,E,1050,1350
3732,E/e (50).csv,E,1200,1500
3733,E/e (50).csv,E,1350,1650
3734,E/e (50).csv,E,1500,1800
3735,E/e (50).csv,E,1650,1950
3736,E/e (50).csv,E,1800,2100
3737,E/e (50).csv,E,1950,2250
3738,E/e (50).csv,E,2100,2400
3739,E/e (50).csv,E,2250,2550
3740,E/e (50).csv,E,2400,2700
3741,E/e (50).csv,E,2550,2850
3742,E/e (50).csv,E,2700,3000
3743,E/e (6).csv,E,0,300
3744,E/e (6).csv,E,150,450
3745,E/e (6).csv,E,300,600
3746,E/e (6).csv,E,450,750
3747,E/e (6).csv,E,600,900
3748,E/e (6).csv,E,750,1050
3749,E/e (6).csv,E,900,1200
3750,E/e (6).csv,E,1050,1350
3751,E/e (6).csv,E,1200,1500
3752,E/e (6).csv,E,1350,1650
3753,E/e (6).csv,E,1500,1800
3754,E/e (6).csv,E,1650,1950
3755,E/e (6).csv,E,1800,2100
3756,E/e (6).csv,E,1950,2250
3757,E/e (6).csv,E,2100,2400
3758,E/e (6).csv,E,2250,2550
3759,E/e (6).csv,E,2400,2700
3760,E/e (6).csv,E,2550,2850
3761,E/e (6).csv,E,2700,3000
3762,E/e (8).csv,E,0,300
3763,E/e (8).csv,E,150,450
3764,E/e (8).csv,E,300,600
3765,E/e (8).csv,E,450,750
3766,E/e (8).csv,E,600,900
3767,E/e (8).csv,E,750,1050
3768,E/e (8).csv,E,900,1200
3769,E/e (8).csv,E,1050,1350
3770,E/e (8).csv,E,1200,1500
3771,E/e (8).csv,E,1350,1650
3772,E/e (8).csv,E,1500,1800
3773,E/e (8).csv,E,1650,1950
3774,E/e (8).csv,E,1800,2100
3775,E/e (8).csv,E,1950,2250
3776,E/e (8).csv,E,2100,2400
3777,E/e (8).csv,E,2250,2550
3778,E/e (8).csv,E,2400,2700
3779,E/e (8).csv,E,2550,2850
3780,E/e (8).csv,E,2700,3000
3781,E/e (9).csv,E,0,300
3782,E/e (9).csv,E,150,450
3783,E/e (9).csv,E,300,600
3784,E/e (9).csv,E,450,750
3785,E/e (9).csv,E,600,900
3786,E/e (9).csv,E,750,1050
3787,E/e (9).csv,E,900,1200
3788,E/e (9).csv,E,1050,1350
3789,E/e (9).csv,E,1200,1500
3790,E/e (9).csv,E,1350,1650
3791,E/e (9).csv,E,1500,1800
3792,E/e (9).csv,E,1650,1950
3793,E/e (9).csv,E,1800,2100
3794,E/e (9).csv,E,1950,2250
3795,E/e (9).csv,E,2100,2400
3796,E/e (9).csv,E,2250,2550
3797,E/e (9).csv,E,2400,2700
3798,E/e (9).csv,E,2550,2850
3799,E/e (9).csv,E,2700,3000
